LECROYHDO6104B,11090,Waveform
Segments,1,SegmentSize,4890
Segment,TrigTime,TimeSinceSegment1
#1,04-May-2026 18:45:31,0                 
Time,Ampl
995110,0.030272719
995111,0.0071490118
995112,0.021110984
995113,0.039267149
995114,0.0094460882
995115,0.010425523
995116,0.0061626802
995117,0.0074190027
995118,0.015207807
995119,0.0070958757
995120,0.0096567292
995121,0.0073048309
995122,0.020425236
995123,0.0077134077
995124,0.011580883
995125,0.007033404
995126,0.0075970818
995127,0.0073249368
995128,0.016869534
995129,0.027171416
995130,0.0072703641
995131,0.0072840075
995132,0.012857358
995133,0.025857229
995134,0.0074333642
995135,0.0074886545
995136,0.024521053
995137,0.013730038
995138,0.0072337431
995139,0.0077155619
995140,0.017547349
995141,0.017291619
995142,0.013832721
995143,0.018152574
995144,0.017226275
995145,0.0073953066
995146,0.013845646
995147,0.010327866
995148,0.0072380514
995149,0.019755285
995150,0.010601448
995151,0.020381434
995152,0.0071841967
995153,0.010581342
995154,0.020409439
995155,0.010260369
995156,0.0071949679
995157,0.01391458
995158,0.0023248421
995159,0.0068215765
995160,0.0043017659
995161,0.010665355
995162,0.010615809
995163,0.006960162
995164,0.017304543
995165,0.011243394
995166,0.0098632816
995167,0.0061566504
995168,0.020226333
995169,0.0095430259
995170,0.0070973118
995171,0.017217658
995172,0.0068502985
995173,0.0075159408
995174,0.0069637522
995175,0.010493021
995176,0.0071712718
995177,0.013267743
995178,0.03136402
995179,0.010743624
995180,0.0071942499
995181,0.0075310203
995182,0.011086857
995183,0.016626695
995184,0.018032657
995185,0.0097677791
995186,0.0070427391
995187,0.0073795095
995188,0.0068474263
995189,0.014142923
995190,0.013147563
995191,0.0071066464
995192,0.010640941
995193,0.010735007
995194,0.0064285179
995195,0.022894606
995196,0.0097519821
995197,0.010281192
995198,0.010249598
995199,0.0072567211
995200,0.014309512
995201,0.0068517351
995202,0.0070815142
995203,0.0062749675
995204,0.0074462891
995205,0.039453126
995206,0.0098704621
995207,0.016295319
995208,0.007349351
995209,0.014028033
995210,0.017589614
995211,0.030358266
995212,0.009429751
995213,0.01892449
995214,0.0063878666
995215,0.0027698637
995216,0.013579963
995217,0.0071131089
995218,0.0070448932
995219,0.016309587
995220,0.0158515
995221,0.01079711
995222,0.010447782
995223,0.039430149
995224,0.019419834
995225,0.016704964
995226,0.013397057
995227,0.01428079
995228,0.014435174
995229,0.024360927
995230,0.0078512756
995231,0.01567311
995232,0.011517959
995233,0.0076746321
995234,0.0073874081
995235,0.033559281
995236,0.014164465
995237,0.01043773
995238,0.0075834384
995239,0.020909926
995240,0.016964901
995241,0.0097766789
995242,0.013752297
995243,0.019456957
995244,0.00736443
995245,0.013924632
995246,0.0030316128
995247,0.014423684
995248,0.0095257927
995249,0.01051887
995250,0.037415989
995251,0.027529728
995252,0.0054974724
995253,0.005682359
995254,0.0092754178
995255,0.0040893122
995256,0.0063967453
995257,0.011229751
995258,0.013453584
995259,0.010007611
995260,0.0056870403
995261,0.010641659
995262,0.024152689
995263,0.016842831
995264,0.0046515907
995265,0.012985023
995266,0.0065142633
995267,0.010386029
995268,0.010387465
995269,0.013876522
995270,0.011261346
995271,0.0022684061
995272,0.010512408
995273,0.007349351
995274,0.010471479
995275,0.0065006032
995276,0.031907745
995277,0.013565602
995278,0.013791791
995279,0.0071131089
995280,0.017137911
995281,0.015758201
995282,0.0017778302
995283,0.010684743
995284,0.015555487
995285,0.0097720874
995286,0.0095085595
995287,0.010516716
995288,0.0072954963
995289,0.0073227827
995290,0.006512092
995291,0.010719928
995292,0.021026971
995293,0.014771944
995294,0.019120026
995295,0.0073206285
995296,0.010294118
995297,0.016534379
995298,0.024724266
995299,0.014756147
995300,0.039838005
995301,0.0070513557
995302,0.015350125
995303,0.01476899
995304,0.0075475355
995305,0.010638786
995306,0.0069443649
995307,0.010577751
995308,0.0059555951
995309,0.0097738728
995310,0.014422966
995311,0.0097103342
995312,0.0073191924
995313,0.03756319
995314,0.015556066
995315,0.025039399
995316,0.013809742
995317,0.007599236
995318,0.0095840981
995319,0.014057473
995320,0.012962045
995321,0.01404383
995322,0.010598576
995323,0.010284064
995324,0.0066453936
995325,0.036848001
995326,0.010664637
995327,0.010880055
995328,0.019827945
995329,0.016381113
995330,0.0096781496
995331,0.023394417
995332,0.032596387
995333,0.0065442547
995334,0.0072782626
995335,0.006471158
995336,0.010764447
995337,0.015864832
995338,0.0073299631
995339,0.024594296
995340,0.0068933824
995341,0.0072825714
995342,0.0095684528
995343,0.009379915
995344,0.011339614
995345,0.013894474
995346,0.0091672614
995347,0.030399816
995348,0.00731273
995349,0.030376839
995350,0.013363341
995351,0.01024529
995352,0.0071691177
995353,0.0076573989
995354,0.0062399469
995355,0.0070858225
995356,0.0071971221
995357,0.0072157914
995358,0.0089448821
995359,0.017618336
995360,0.025087066
995361,0.010862104
995362,0.017658548
995363,0.023055406
995364,0.0095595969
995365,0.010581342
995366,0.0039848848
995367,0.010880773
995368,0.039717373
995369,0.007372329
995370,0.027470129
995371,0.014032342
995372,0.035016853
995373,0.0024641037
995374,0.01385139
995375,0.0076573989
995376,0.014073989
995377,0.0072315889
995378,0.013269761
995379,0.012895965
995380,0.0072373333
995381,0.0070599723
995382,0.038595043
995383,0.013018062
995384,0.0064218142
995385,0.039464615
995386,0.014326747
995387,0.0077715707
995388,0.011167279
995389,0.012594545
995390,0.0072631836
995391,0.0083869481
995392,0.0108262
995393,0.039649874
995394,0.010554774
995395,0.019616824
995396,0.010509536
995397,0.020816579
995398,0.027144128
995399,0.010727108
995400,0.039705884
995401,0.0081234202
995402,0.0075252759
995403,0.0070937211
995404,0.0068962546
995405,0.0073845359
995406,0.0068854839
995407,0.0080896718
995408,0.014524213
995409,0.016256893
995410,0.0070348405
995411,0.0065945177
995412,0.0075712316
995413,0.019175109
995414,0.010670382
995415,0.007526712
995416,0.0022635919
995417,0.026875574
995418,0.027094582
995419,0.0066148294
995420,0.0085994946
995421,0.012895441
995422,0.010582778
995423,0.0072617475
995424,0.020180248
995425,0.014200368
995426,0.0075906194
995427,0.017056813
995428,0.019325001
995429,0.014096967
995430,0.020484835
995431,0.03968434
995432,0.023946606
995433,0.013471536
995434,0.007658117
995435,0.01372932
995436,0.017031681
995437,0.020797908
995438,0.0075618969
995439,0.013997156
995440,0.010659611
995441,0.01183005
995442,0.011700081
995443,0.019338809
995444,0.014039522
995445,0.013833439
995446,0.014707319
995447,0.031671502
995448,0.010572007
995449,0.0071942499
995450,0.0070132986
995451,0.010910932
995452,0.0071482938
995453,0.016908893
995454,0.031159524
995455,0.012411678
995456,0.0074721393
995457,0.007732077
995458,0.03049819
995459,0.0090917852
995460,0.011810662
995461,0.0070054
995462,0.0078239888
995463,0.019267004
995464,0.014188878
995465,0.029872041
995466,0.0069738054
995467,0.031344067
995468,0.020705279
995469,0.02001664
995470,0.0072272806
995471,0.010443474
995472,0.0072538489
995473,0.0080437157
995474,0.0029280651
995475,0.010584932
995476,0.010697667
995477,0.0068215765
995478,0.0071461396
995479,0.031060431
995480,0.0065536802
995481,0.0074017695
995482,0.010666791
995483,0.007137523
995484,0.0069365553
995485,0.010491584
995486,0.0070312498
995487,0.023049029
995488,0.0063000992
995489,0.019915413
995490,0.0074721393
995491,0.030706428
995492,0.010523897
995493,0.01759105
995494,0.033499684
995495,0.010594985
995496,0.0093764365
995497,0.0064934227
995498,0.010678998
995499,0.014338235
995500,0.007210765
995501,0.010592831
995502,0.0063741053
995503,0.011265654
995504,0.0067188265
995505,0.014248477
995506,0.0072064567
995507,0.013943302
995508,0.011921961
995509,0.02030101
995510,0.0080013499
995511,0.010661765
995512,0.0071253157
995513,0.022625187
995514,0.010394646
995515,0.0072897519
995516,0.007350069
995517,0.0018454376
995518,0.013754452
995519,0.010569853
995520,0.0084673716
995521,0.011702497
995522,0.010850033
995523,0.018360093
995524,0.020886948
995525,0.0068021887
995526,0.0075985179
995527,0.017873965
995528,0.01449549
995529,0.010154167
995530,0.010294118
995531,0.0073263729
995532,0.010827636
995533,0.0071655274
995534,0.013755888
995535,0.0073895622
995536,0.010496611
995537,0.0096351197
995538,0.030985754
995539,0.010206514
995540,0.015454101
995541,0.016900275
995542,0.014158002
995543,0.039609663
995544,0.0078728171
995545,0.0070872586
995546,0.016501753
995547,0.0072445138
995548,0.0062495377
995549,0.014023007
995550,0.011194565
995551,0.0073026768
995552,0.012160357
995553,0.007254567
995554,0.0098762065
995555,0.0073263729
995556,0.0072969324
995557,0.017273668
995558,0.0097405184
995559,0.014338235
995560,0.014145795
995561,0.013732192
995562,0.0069594439
995563,0.013633817
995564,0.01070772
995565,0.02240108
995566,0.013821231
995567,0.0068546073
995568,0.0059945942
995569,0.016361153
995570,0.030457979
995571,0.013055061
995572,0.02511489
995573,0.0070578181
995574,0.0063311406
995575,0.0071231616
995576,0.0074304915
995577,0.0071490118
995578,0.0076624253
995579,0.0075123506
995580,0.0069924747
995581,0.0075697955
995582,0.017293774
995583,0.0075008618
995584,0.0071411133
995585,0.0071806065
995586,0.0073069851
995587,0.01309856
995588,0.033458754
995589,0.0074218749
995590,0.010357307
995591,0.0072954963
995592,0.015940947
995593,0.0065039485
995594,0.0076351389
995595,0.0076631433
995596,0.023359232
995597,0.013972024
995598,0.010546875
995599,0.0077083814
995600,0.015344956
995601,0.013769049
995602,0.013798972
995603,0.011273553
995604,0.00828283
995605,0.010420497
995606,0.017145135
995607,0.010476505
995608,0.0067059686
995609,0.019064091
995610,0.015347573
995611,0.013699161
995612,0.0072351792
995613,0.01060432
995614,0.0009307884
995615,0.006049661
995616,0.0072265626
995617,0.013064449
995618,0.0068538892
995619,0.0073881261
995620,0.0065350723
995621,0.010342227
995622,0.0073041129
995623,0.0093455594
995624,0.014131434
995625,0.013775276
995626,0.031680837
995627,0.010543285
995628,0.02364861
995629,0.011468299
995630,0.01188534
995631,0.0069996552
995632,0.019210266
995633,0.010414752
995634,0.0067361272
995635,0.0073335534
995636,0.0075022979
995637,0.0069307215
995638,0.0071999943
995639,0.009592968
995640,0.014445227
995641,0.010976993
995642,0.023909984
995643,0.0068617878
995644,0.0073482925
995645,0.007100902
995646,0.020020967
995647,0.0073177563
995648,0.0070161708
995649,0.022325359
995650,0.0085047102
995651,0.0026926422
995652,0.0070728976
995653,0.0090805953
995654,0.017210478
995655,0.010560518
995656,0.0072122011
995657,0.026173202
995658,0.0069113337
995659,0.007328527
995660,0.026922248
995661,0.033153459
995662,0.03095416
995663,0.013264016
995664,0.017178884
995665,0.011041619
995666,0.01013758
995667,0.03708123
995668,0.0069536995
995669,0.010171995
995670,0.038706344
995671,0.0069536995
995672,0.010381003
995673,0.014103429
995674,0.017440258
995675,0.0077593634
995676,0.007247386
995677,0.0096047791
995678,0.0080386894
995679,0.013669003
995680,0.010607192
995681,0.0076408833
995682,0.010462143
995683,0.0075224033
995684,0.0077895219
995685,0.031225212
995686,0.026711857
995687,0.035032026
995688,0.03360524
995689,0.0076021082
995690,0.01789978
995691,0.0078455312
995692,0.0072495406
995693,0.0065649967
995694,0.0061494717
995695,0.027148437
995696,0.01058206
995697,0.020094281
995698,0.010785989
995699,0.0070499196
995700,0.005727252
995701,0.0093824659
995702,0.010112623
995703,0.039809283
995704,0.020912798
995705,0.012737824
995706,0.0079288259
995707,0.0071044923
995708,0.0096385162
995709,0.0071619372
995710,0.01647936
995711,0.0066009667
995712,0.033829495
995713,0.039866727
995714,0.028837316
995715,0.017332548
995716,0.0075669233
995717,0.0094054379
995718,0.020226499
995719,0.014039522
995720,0.0072954963
995721,0.0071231616
995722,0.010105268
995723,0.0065336027
995724,0.014124253
995725,0.0105081
995726,0.020303166
995727,0.007621496
995728,0.0079245176
995729,0.0074204388
995730,0.0062794406
995731,0.03043141
995732,0.0073622759
995733,0.0072251265
995734,0.007173426
995735,0.0078534298
995736,0.016900275
995737,0.0073673022
995738,0.0087072039
995739,0.0139591
995740,0.0072265626
995741,0.022983685
995742,0.007291188
995743,0.0067237047
995744,0.0071253157
995745,0.036967918
995746,0.013311407
995747,0.0070807962
995748,0.0084667262
995749,0.011468147
995750,0.0075166589
995751,0.007218664
995752,0.010562672
995753,0.010420497
995754,0.010126092
995755,0.019731987
995756,0.013686236
995757,0.02294491
995758,0.013277394
995759,0.013759478
995760,0.010002874
995761,0.01391817
995762,0.0073357075
995763,0.017061122
995764,0.0065005478
995765,0.016957721
995766,0.022598805
995767,0.014058909
995768,0.0074563418
995769,0.0072739543
995770,0.0073270909
995771,0.0072825714
995772,0.010539695
995773,0.0069206688
995774,0.0137365
995775,0.0061480352
995776,0.015197754
995777,0.012339154
995778,0.01008947
995779,0.026989028
995780,0.026165688
995781,0.0091215242
995782,0.0082842661
995783,0.012943761
995784,0.0070477654
995785,0.013006951
995786,0.010591395
995787,0.019164171
995788,0.0064065559
995789,0.013770968
995790,0.0072581572
995791,0.017178884
995792,0.012757066
995793,0.019302411
995794,0.0075022979
995795,0.0070298137
995796,0.0082849842
995797,0.032279547
995798,0.0078505576
995799,0.0070010913
995800,0.01727654
995801,0.010930319
995802,0.019842889
995803,0.018651959
995804,0.01044491
995805,0.010600012
995806,0.010576315
995807,0.029305981
995808,0.0089269299
995809,0.010806813
995810,0.023324545
995811,0.010492302
995812,0.0089678597
995813,0.016855039
995814,0.0069163605
995815,0.0060195024
995816,0.010504509
995817,0.0071231616
995818,0.017239919
995819,0.018352194
995820,0.01389591
995821,0.0071559041
995822,0.020362046
995823,0.0099516027
995824,0.020132266
995825,0.0072150733
995826,0.0071612191
995827,0.010646685
995828,0.0021128382
995829,0.013214482
995830,0.0073802276
995831,0.010661765
995832,0.013159832
995833,0.0073795095
995834,0.0084228516
995835,0.0084795784
995836,0.017025217
995837,0.039447382
995838,0.0072215362
995839,0.0068021887
995840,0.030274874
995841,0.020563103
995842,0.0072954963
995843,0.033957805
995844,0.010622271
995845,0.0080781821
995846,0.013786765
995847,0.017463954
995848,0.0070578181
995849,0.013667567
995850,0.0075597428
995851,0.013125794
995852,0.010279756
995853,0.01741728
995854,0.01008229
995855,0.017496984
995856,0.0072043026
995857,0.017440258
995858,0.0080889538
995859,0.0063167796
995860,0.010302017
995861,0.025783405
995862,0.033680636
995863,0.0076150335
995864,0.009679094
995865,0.010397518
995866,0.013926786
995867,0.024154512
995868,0.019503616
995869,0.0084415209
995870,0.020569567
995871,0.0091911769
995872,0.012654488
995873,0.0061208834
995874,0.01051528
995875,0.015386604
995876,0.0082993452
995877,0.0071102367
995878,0.0075733857
995879,0.010435576
995880,0.0086971503
995881,0.02330035
995882,0.007481474
995883,0.0072631836
995884,0.0080810543
995885,0.024616556
995886,0.0171875
995887,0.0065372242
995888,0.011224724
995889,0.020378562
995890,0.0066564223
995891,0.0012734844
995892,0.039533548
995893,0.0068660961
995894,0.010856359
995895,0.010216567
995896,0.0073874081
995897,0.01764706
995898,0.01084128
995899,0.0055750231
995900,0.014047421
995901,0.0073249368
995902,0.011539953
995903,0.010378849
995904,0.0052173394
995905,0.0065435614
995906,0.0056913486
995907,0.01060432
995908,0.0077191521
995909,0.0072244084
995910,0.010213695
995911,0.014135025
995912,0.014006491
995913,0.017280849
995914,0.016130514
995915,0.0071712718
995916,0.010960478
995917,0.0062866211
995918,0.028644219
995919,0.0074441349
995920,0.0072301528
995921,0.010869147
995922,0.011067469
995923,0.0095660044
995924,0.0096533233
995925,0.010595703
995926,0.0074412627
995927,0.010887953
995928,0.019354163
995929,0.021798886
995930,0.0067160213
995931,0.0071949679
995932,0.019910386
995933,0.017865349
995934,0.0071691177
995935,0.02063491
995936,0.027377499
995937,0.010716338
995938,0.0064165397
995939,0.0071820426
995940,0.037461225
995941,0.01060791
995942,0.039200369
995943,0.0072114831
995944,0.0074556237
995945,0.023794375
995946,0.00736443
995947,0.010852051
995948,0.0074419808
995949,0.0061927768
995950,0.010673254
995951,0.024510534
995952,0.03555312
995953,0.039413631
995954,0.0076652975
995955,0.0070829503
995956,0.010601448
995957,0.013920324
995958,0.010026281
995959,0.018027632
995960,0.010279856
995961,0.039590992
995962,0.013953355
995963,0.013803998
995964,0.033919748
995965,0.010368078
995966,0.0070496858
995967,0.030170921
995968,0.0066775167
995969,0.0091841351
995970,0.037344899
995971,0.013885139
995972,0.030307904
995973,0.0072394875
995974,0.0076688877
995975,0.013908835
995976,0.030388327
995977,0.010627298
995978,0.028670482
995979,0.035174541
995980,0.014120663
995981,0.013902373
995982,0.010605756
995983,0.013784611
995984,0.0070872586
995985,0.010922421
995986,0.018462775
995987,0.016277226
995988,0.017297363
995989,0.024655331
995990,0.010661047
995991,0.010213695
995992,0.0083036534
995993,0.0068510165
995994,0.017439539
995995,0.01044491
995996,0.007255285
995997,0.022589471
995998,0.039671414
995999,0.023655791
996000,0.013855699
996001,0.0074247471
996002,0.0075051701
996003,0.039224781
996004,0.0068969727
996005,0.0075417911
996006,0.0068761487
996007,0.0073084212
996008,0.010498047
996009,0.010391774
996010,0.0061264937
996011,0.0026001313
996012,0.0076401653
996013,0.0094633214
996014,0.011355411
996015,0.027409812
996016,0.013646025
996017,0.0075949277
996018,0.0099530388
996019,0.027471565
996020,0.017744714
996021,0.0069572898
996022,0.014295151
996023,0.010073673
996024,0.0072768265
996025,0.02386331
996026,0.017141543
996027,0.0071526021
996028,0.0069673425
996029,0.017428769
996030,0.0073988969
996031,0.017288029
996032,0.0098972647
996033,0.020388614
996034,0.0059569525
996035,0.030820599
996036,0.0053362828
996037,0.010516716
996038,0.014034496
996039,0.01148897
996040,0.0059448243
996041,0.022178022
996042,0.0069400561
996043,0.013572064
996044,0.020261003
996045,0.010622271
996046,0.0072150733
996047,0.013997156
996048,0.0074570598
996049,0.0073816637
996050,0.019278493
996051,0.01041188
996052,0.0071461396
996053,0.010857077
996054,0.016096704
996055,0.012520165
996056,0.010577751
996057,0.016217524
996058,0.0077959844
996059,0.0088127581
996060,0.0073191924
996061,0.0052238903
996062,0.0072782626
996063,0.014298995
996064,0.0072940602
996065,0.013815487
996066,0.028467515
996067,0.006769876
996068,0.010299144
996069,0.0075367647
996070,0.00951574
996071,0.0068546073
996072,0.013832721
996073,0.017695168
996074,0.014372702
996075,0.014096967
996076,0.0071109547
996077,0.016506726
996078,0.0067325369
996079,0.011125632
996080,0.0071942499
996081,0.0073335534
996082,0.009662224
996083,0.010784553
996084,0.0065436866
996085,0.0074111042
996086,0.014028033
996087,0.0063303299
996088,0.014298742
996089,0.020158118
996090,0.011302275
996091,0.017652804
996092,0.0095631322
996093,0.020496324
996094,0.0087560313
996095,0.0094906073
996096,0.0082261031
996097,0.01029699
996098,0.010535386
996099,0.0093203988
996100,0.0094748102
996101,0.017693015
996102,0.0072524128
996103,0.0069544176
996104,0.010329302
996105,0.009895972
996106,0.011149328
996107,0.014015826
996108,0.033340693
996109,0.039660644
996110,0.0074477252
996111,0.013693416
996112,0.012660429
996113,0.034108598
996114,0.0071942499
996115,0.0074836281
996116,0.010770191
996117,0.0075396369
996118,0.0070276596
996119,0.017388556
996120,0.027809054
996121,0.00696088
996122,0.013875804
996123,0.0092098461
996124,0.0082950369
996125,0.023948042
996126,0.022921214
996127,0.014538259
996128,0.0072954963
996129,0.010555492
996130,0.015536679
996131,0.014191751
996132,0.0080114026
996133,0.010028435
996134,0.010714902
996135,0.0076760687
996136,0.0069953469
996137,0.026063448
996138,0.021254595
996139,0.028598033
996140,0.0071565011
996141,0.010581342
996142,0.0072157914
996143,0.015120204
996144,0.012507899
996145,0.010612937
996146,0.010569853
996147,0.024540441
996148,0.032446288
996149,0.0070980298
996150,0.017012293
996151,0.0070664352
996152,0.017363425
996153,0.011917653
996154,0.035087317
996155,0.039745376
996156,0.010351563
996157,0.0078986669
996158,0.017254997
996159,0.020744773
996160,0.019728351
996161,0.014032342
996162,0.0078699449
996163,0.010536104
996164,0.010256778
996165,0.019577706
996166,0.0071231616
996167,0.010405417
996168,0.007115263
996169,0.017430922
996170,0.010445628
996171,0.0074283374
996172,0.017578125
996173,0.0077292048
996174,0.01388873
996175,0.011563648
996176,0.014023725
996177,0.0071310606
996178,0.025937399
996179,0.0088357367
996180,0.011019359
996181,0.010747932
996182,0.039549343
996183,0.013427016
996184,0.010534668
996185,0.0076056984
996186,0.007467831
996187,0.010712029
996188,0.0079252357
996189,0.0084975297
996190,0.011242676
996191,0.039039522
996192,0.017136518
996193,0.02712187
996194,0.011033002
996195,0.017604694
996196,0.030387608
996197,0.014051011
996198,0.015102969
996199,0.017543659
996200,0.0073816637
996201,0.032116704
996202,0.007797421
996203,0.01037454
996204,0.014293715
996205,0.010340791
996206,0.016062446
996207,0.010615091
996208,0.010642377
996209,0.013134669
996210,0.0062813065
996211,0.010894416
996212,0.0072488226
996213,0.0069213868
996214,0.015567555
996215,0.022909008
996216,0.0057459213
996217,0.012909897
996218,0.0071942499
996219,0.0067820828
996220,0.0063726394
996221,0.012528004
996222,0.020243566
996223,0.011079676
996224,0.00665471
996225,0.0076703238
996226,0.026927993
996227,0.0088120401
996228,0.007210765
996229,0.0093021896
996230,0.0084824506
996231,0.007233025
996232,0.0070147347
996233,0.010468607
996234,0.032842178
996235,0.0074462891
996236,0.010797478
996237,0.025991913
996238,0.020759853
996239,0.0081887636
996240,0.022727555
996241,0.0071281884
996242,0.0071533201
996243,0.0073730471
996244,0.010721364
996245,0.0070542279
996246,0.0072768265
996247,0.013738655
996248,0.0078584561
996249,0.011064596
996250,0.0065372242
996251,0.011061724
996252,0.020738309
996253,0.0056410846
996254,0.023191204
996255,0.0092500579
996256,0.0068941005
996257,0.014200368
996258,0.017591769
996259,0.020351993
996260,0.026505055
996261,0.017660702
996262,0.014182416
996263,0.015722964
996264,0.0071992762
996265,0.010443474
996266,0.031867061
996267,0.0071310606
996268,0.010588522
996269,0.013604377
996270,0.020524206
996271,0.033524815
996272,0.010383157
996273,0.010532514
996274,0.013735064
996275,0.0076997643
996276,0.013834875
996277,0.027107509
996278,0.0072423597
996279,0.013637408
996280,0.019704379
996281,0.0073184744
996282,0.0077715707
996283,0.0067318189
996284,0.036929142
996285,0.017061122
996286,0.011356847
996287,0.013844928
996288,0.0069766776
996289,0.0028994814
996290,0.011606014
996291,0.0063174977
996292,0.020975454
996293,0.012183336
996294,0.011313763
996295,0.0061939913
996296,0.0065870667
996297,0.0072495406
996298,0.017584588
996299,0.0063950485
996300,0.017722456
996301,0.0085449219
996302,0.0073773554
996303,0.0070736157
996304,0.035773065
996305,0.0097659286
996306,0.017081944
996307,0.013589298
996308,0.0071999943
996309,0.016067326
996310,0.0071583469
996311,0.01741728
996312,0.0070606903
996313,0.033050898
996314,0.0075202491
996315,0.013798254
996316,0.012092141
996317,0.0079216454
996318,0.0071971221
996319,0.010714902
996320,0.017063275
996321,0.010755112
996322,0.0076193418
996323,0.0071210074
996324,0.014028751
996325,0.0070657171
996326,0.010543285
996327,0.039544318
996328,0.0063452609
996329,0.013258272
996330,0.010260369
996331,0.010826918
996332,0.01546559
996333,0.0024384505
996334,0.036611643
996335,0.007371611
996336,0.010428395
996337,0.016962746
996338,0.0073385797
996339,0.0070104264
996340,0.039912682
996341,0.0073184744
996342,0.0077105355
996343,0.01159668
996344,0.020743337
996345,0.0060597141
996346,0.0071827606
996347,0.039418656
996348,0.0072768265
996349,0.010638786
996350,0.013836311
996351,0.010689051
996352,0.0070657171
996353,0.0017765656
996354,0.0065873242
996355,0.0086224722
996356,0.00736443
996357,0.022753179
996358,0.010515998
996359,0.012938848
996360,0.012097886
996361,0.010237391
996362,0.0070132986
996363,0.0073105758
996364,0.014316694
996365,0.0083129881
996366,0.0062633641
996367,0.0099932505
996368,0.0053487951
996369,0.0071533201
996370,0.0071131089
996371,0.010492302
996372,0.0062392289
996373,0.0096694045
996374,0.02432215
996375,0.007313448
996376,0.0069551356
996377,0.029569738
996378,0.023259038
996379,0.010602166
996380,0.030478084
996381,0.0076344209
996382,0.018566895
996383,0.0069867303
996384,0.0097979745
996385,0.010615091
996386,0.010636632
996387,0.010413316
996388,0.011037311
996389,0.0074922452
996390,0.0072674919
996391,0.0081341909
996392,0.013970588
996393,0.0070542279
996394,0.0073213466
996395,0.0062348195
996396,0.0012186451
996397,0.007313448
996398,0.036718749
996399,0.017309571
996400,0.013821949
996401,0.013631663
996402,0.0075310203
996403,0.01750919
996404,0.01152272
996405,0.0087560313
996406,0.010557646
996407,0.0077794692
996408,0.010638786
996409,0.0071605011
996410,0.025517004
996411,0.011350385
996412,0.01403306
996413,0.0072739543
996414,0.013600653
996415,0.010752958
996416,0.014157284
996417,0.039528523
996418,0.0097864
996419,0.0089642694
996420,0.023614861
996421,0.01051169
996422,0.022684477
996423,0.010247444
996424,0.016934743
996425,0.010581342
996426,0.013347757
996427,0.0070089903
996428,0.0069422103
996429,0.016610678
996430,0.021804631
996431,0.010409008
996432,0.010588522
996433,0.0072043026
996434,0.0071382411
996435,0.010565544
996436,0.0064245849
996437,0.010948989
996438,0.013430607
996439,0.019577924
996440,0.0030032888
996441,0.02060475
996442,0.014720243
996443,0.0086253444
996444,0.027481617
996445,0.026910041
996446,0.013261144
996447,0.0065835821
996448,0.025161564
996449,0.0071238796
996450,0.0073184744
996451,0.0094834268
996452,0.0072423597
996453,0.0076209488
996454,0.01269307
996455,0.0075008618
996456,0.0072488226
996457,0.0073349895
996458,0.019417796
996459,0.017344037
996460,0.027619485
996461,0.024025591
996462,0.007136805
996463,0.010305607
996464,0.023770681
996465,0.0072122011
996466,0.0072667738
996467,0.010443474
996468,0.0088809747
996469,0.0071705538
996470,0.01389591
996471,0.0064162216
996472,0.0057940315
996473,0.021914493
996474,0.0073299631
996475,0.011155791
996476,0.023854693
996477,0.0073220646
996478,0.020438878
996479,0.0061860927
996480,0.0070312498
996481,0.0075288662
996482,0.016291359
996483,0.0073299631
996484,0.01576574
996485,0.013862879
996486,0.032705508
996487,0.0075346106
996488,0.0068014706
996489,0.007372329
996490,0.0073658661
996491,0.01718032
996492,0.0099573471
996493,0.0072265626
996494,0.0019282878
996495,0.010403981
996496,0.0072531309
996497,0.0069874483
996498,0.0074297735
996499,0.010685461
996500,0.006615493
996501,0.020944394
996502,0.022850845
996503,0.014079734
996504,0.019519379
996505,0.0075066062
996506,0.0075482535
996507,0.0078247068
996508,0.023619886
996509,0.015683163
996510,0.016926127
996511,0.027441407
996512,0.0062556188
996513,0.0067012203
996514,0.014855239
996515,0.0070176069
996516,0.0062521682
996517,0.0069221049
996518,0.020672249
996519,0.017872529
996520,0.010664637
996521,0.006685379
996522,0.034039665
996523,0.010969095
996524,0.010855641
996525,0.0018109392
996526,0.0061379825
996527,0.039389934
996528,0.033755314
996529,0.010409008
996530,0.0085521024
996531,0.0083180144
996532,0.013706342
996533,0.02194537
996534,0.0078189624
996535,0.017148007
996536,0.0096848942
996537,0.011091165
996538,0.020709587
996539,0.020358456
996540,0.0078189624
996541,0.013809742
996542,0.011001407
996543,0.0072495406
996544,0.0076408833
996545,0.027326517
996546,0.017368451
996547,0.0087459786
996548,0.013951201
996549,0.035656855
996550,0.013383411
996551,0.020518061
996552,0.013856417
996553,0.008165068
996554,0.011015768
996555,0.014174517
996556,0.010790298
996557,0.007541073
996558,0.010643813
996559,0.01312831
996560,0.0067792106
996561,0.0072725182
996562,0.0070362766
996563,0.023085263
996564,0.019450827
996565,0.010526769
996566,0.012811844
996567,0.0071461396
996568,0.0072043026
996569,0.030032169
996570,0.0072516948
996571,0.0086138556
996572,0.0073515051
996573,0.0071999943
996574,0.0097907567
996575,0.0072962143
996576,0.014073989
996577,0.039559398
996578,0.0030621458
996579,0.0079029752
996580,0.0072409236
996581,0.017205451
996582,0.033367135
996583,0.017280849
996584,0.0070362766
996585,0.0071310606
996586,0.024949018
996587,0.014119945
996588,0.0064335479
996589,0.023967428
996590,0.007100902
996591,0.032225754
996592,0.010664637
996593,0.010373104
996594,0.010474351
996595,0.016993023
996596,0.0063555548
996597,0.012889054
996598,0.0080149928
996599,0.0074240291
996600,0.013809742
996601,0.010477941
996602,0.010493021
996603,0.0072610294
996604,0.0069529815
996605,0.010688333
996606,0.02018684
996607,0.028367704
996608,0.01437342
996609,0.0088802557
996610,0.031018067
996611,0.027370319
996612,0.0084277466
996613,0.033819221
996614,0.013816205
996615,0.013813333
996616,0.013438972
996617,0.0074103861
996618,0.010594267
996619,0.010780963
996620,0.011753217
996621,0.0072308709
996622,0.0063469382
996623,0.013972024
996624,0.0066427793
996625,0.012752757
996626,0.013819795
996627,0.0094508007
996628,0.0094547691
996629,0.01060073
996630,0.0074699852
996631,0.017225558
996632,0.010447064
996633,0.01750919
996634,0.0072904699
996635,0.0039821872
996636,0.0071849148
996637,0.0068739946
996638,0.0072143553
996639,0.0073077031
996640,0.0070807962
996641,0.010546875
996642,0.019449916
996643,0.0074175666
996644,0.038702033
996645,0.010517434
996646,0.0084537286
996647,0.033995863
996648,0.0075604608
996649,0.017489804
996650,0.014277918
996651,0.0071037742
996652,0.033218075
996653,0.0070348405
996654,0.012704358
996655,0.010370232
996656,0.007019761
996657,0.0067002242
996658,0.014288689
996659,0.0075066062
996660,0.0099379597
996661,0.007255285
996662,0.0061557954
996663,0.016928999
996664,0.019528488
996665,0.01634006
996666,0.026650822
996667,0.0090202782
996668,0.0080702836
996669,0.0073069851
996670,0.0074699852
996671,0.033136584
996672,0.014214011
996673,0.016137883
996674,0.010413616
996675,0.0064254124
996676,0.02054587
996677,0.0090303309
996678,0.0093081547
996679,0.01391458
996680,0.01496223
996681,0.010482968
996682,0.010827636
996683,0.017496265
996684,0.010528924
996685,0.0083079617
996686,0.0069170785
996687,0.006519991
996688,0.0059794565
996689,0.0071633733
996690,0.017026654
996691,0.0075367647
996692,0.017370606
996693,0.027016314
996694,0.0075022979
996695,0.0025286046
996696,0.010303453
996697,0.0067196116
996698,0.011923636
996699,0.0105081
996700,0.017880429
996701,0.007827579
996702,0.015992647
996703,0.0088500977
996704,0.0073242188
996705,0.016880887
996706,0.014179544
996707,0.018039837
996708,0.019432157
996709,0.010855641
996710,0.024368107
996711,0.013660386
996712,0.039911967
996713,0.0188017
996714,0.017334703
996715,0.008165068
996716,0.010404699
996717,0.0070915669
996718,0.017130774
996719,0.03883272
996720,0.0069213868
996721,0.010368796
996722,0.011086857
996723,0.013383601
996724,0.0096866386
996725,0.026153388
996726,0.019980038
996727,0.0065644686
996728,0.014063936
996729,0.0072832895
996730,0.010365206
996731,0.010431267
996732,0.010510254
996733,0.013903809
996734,0.0073945886
996735,0.018536067
996736,0.015027573
996737,0.0059685204
996738,0.010298426
996739,0.0071238796
996740,0.0068273209
996741,0.014292279
996742,0.0068380916
996743,0.0072789812
996744,0.032988425
996745,0.011320226
996746,0.0076495004
996747,0.0072617475
996748,0.010365206
996749,0.010798914
996750,0.010612219
996751,0.0078598922
996752,0.00646111
996753,0.0070427391
996754,0.017542223
996755,0.016982134
996756,0.0072875977
996757,0.0074836281
996758,0.0074333642
996759,0.025483189
996760,0.023489606
996761,0.039892577
996762,0.010456399
996763,0.0076430375
996764,0.010648839
996765,0.011226879
996766,0.0023493674
996767,0.01761331
996768,0.015683517
996769,0.007004682
996770,0.011776195
996771,0.0063890116
996772,0.0069996552
996773,0.030910358
996774,0.010244572
996775,0.014252787
996776,0.027033547
996777,0.0072380514
996778,0.009541912
996779,0.0074060778
996780,0.0094773313
996781,0.0075087603
996782,0.0071806065
996783,0.010496611
996784,0.0071849148
996785,0.0088948859
996786,0.0072035845
996787,0.009237132
996788,0.038694851
996789,0.014282227
996790,0.025772681
996791,0.010624425
996792,0.013567756
996793,0.013821949
996794,0.020560231
996795,0.0020125264
996796,0.0073543773
996797,0.014343262
996798,0.012418859
996799,0.010066492
996800,0.010234519
996801,0.013230247
996802,0.010307761
996803,0.024009794
996804,0.039234836
996805,0.0060187844
996806,0.01934447
996807,0.010577751
996808,0.0072976504
996809,0.0076889936
996810,0.010712029
996811,0.017377067
996812,0.0065730773
996813,0.014377729
996814,0.0068969727
996815,0.0070958757
996816,0.01997504
996817,0.007077924
996818,0.0022333779
996819,0.0065946691
996820,0.007196404
996821,0.010653866
996822,0.0082713338
996823,0.013848518
996824,0.012185361
996825,0.025420066
996826,0.0069522634
996827,0.0070477654
996828,0.010772346
996829,0.020312499
996830,0.0071748621
996831,0.0070312498
996832,0.011260627
996833,0.0069702147
996834,0.010550465
996835,0.0061121322
996836,0.0063943304
996837,0.0076286765
996838,0.012970019
996839,0.0073306812
996840,0.0070657171
996841,0.038775276
996842,0.013556985
996843,0.01041547
996844,0.01090447
996845,0.0074405447
996846,0.0084163891
996847,0.028435396
996848,0.0083984379
996849,0.029740173
996850,0.0047455365
996851,0.009155361
996852,0.007033404
996853,0.016716791
996854,0.02594425
996855,0.016255239
996856,0.0061853747
996857,0.0072035845
996858,0.01070772
996859,0.010593549
996860,0.0072954963
996861,0.0070463293
996862,0.0068158316
996863,0.010468607
996864,0.0079618562
996865,0.0077514648
996866,0.0072979331
996867,0.032722007
996868,0.01051528
996869,0.015112305
996870,0.03171315
996871,0.0080997245
996872,0.025733432
996873,0.010365924
996874,0.0077812318
996875,0.0075726677
996876,0.0065146969
996877,0.0070039639
996878,0.0072165094
996879,0.01741728
996880,0.0072560031
996881,0.011068905
996882,0.0066183652
996883,0.017611874
996884,0.0075726677
996885,0.0056956573
996886,0.016908174
996887,0.006314165
996888,0.0070793601
996889,0.0070535098
996890,0.010792452
996891,0.0063648899
996892,0.013723576
996893,0.0073213466
996894,0.0072351792
996895,0.0072236904
996896,0.010284783
996897,0.0068660961
996898,0.017270794
996899,0.01058565
996900,0.034249339
996901,0.0072538489
996902,0.013019547
996903,0.0077397125
996904,0.0072617475
996905,0.0070772059
996906,0.0073170383
996907,0.030399816
996908,0.03676255
996909,0.0070118625
996910,0.0096388916
996911,0.013595043
996912,0.010663201
996913,0.010502355
996914,0.019406479
996915,0.0075008618
996916,0.012244064
996917,0.0060116039
996918,0.006365608
996919,0.0073098578
996920,0.010414752
996921,0.03072438
996922,0.027550552
996923,0.0073759193
996924,0.01372932
996925,0.010294118
996926,0.0070010913
996927,0.0071648094
996928,0.0091646081
996929,0.0065770503
996930,0.0073464788
996931,0.039430149
996932,0.0071691177
996933,0.008707922
996934,0.0066323359
996935,0.0073752012
996936,0.017104205
996937,0.020885512
996938,0.0072380514
996939,0.017425178
996940,0.0072035845
996941,0.0096054971
996942,0.0063937865
996943,0.00743121
996944,0.029388787
996945,0.0056970934
996946,0.025945758
996947,0.010409726
996948,0.0069939108
996949,0.0077134077
996950,0.0075870291
996951,0.0067217657
996952,0.0073098578
996953,0.010766601
996954,0.013228453
996955,0.0071702679
996956,0.017596794
996957,0.0095236385
996958,0.011661305
996959,0.0099264709
996960,0.017308135
996961,0.022856412
996962,0.0073443246
996963,0.011453786
996964,0.016988598
996965,0.0070125805
996966,0.0096416809
996967,0.0072660558
996968,0.007004682
996969,0.0072078928
996970,0.0071942499
996971,0.0065329159
996972,0.0072653377
996973,0.016914638
996974,0.0075080423
996975,0.0096825678
996976,0.0080372533
996977,0.013036522
996978,0.013430607
996979,0.022944024
996980,0.012487949
996981,0.0088964868
996982,0.008987247
996983,0.010146197
996984,0.0362477
996985,0.0069493088
996986,0.0055980007
996987,0.0024176021
996988,0.0086626839
996989,0.014073989
996990,0.0074154125
996991,0.0077823414
996992,0.0076796589
996993,0.010430549
996994,0.017822266
996995,0.010882927
996996,0.0067003835
996997,0.029244713
996998,0.017456774
996999,0.017383531
997000,0.0072445138
997001,0.036940631
997002,0.036502238
997003,0.039617561
997004,0.011741728
997005,0.029291103
997006,0.011105526
997007,0.023517923
997008,0.0072373333
997009,0.0370785
997010,0.014177389
997011,0.010735007
997012,0.0067454618
997013,0.0072631836
997014,0.0071705538
997015,0.0070980298
997016,0.0394402
997017,0.0010956752
997018,0.0073802276
997019,0.007004682
997020,0.019668832
997021,0.0079618562
997022,0.027726477
997023,0.034133732
997024,0.0071454216
997025,0.0070226332
997026,0.013747271
997027,0.0064258175
997028,0.019226404
997029,0.019569496
997030,0.010664637
997031,0.0070879767
997032,0.010577751
997033,0.010640941
997034,0.01020795
997035,0.0062435376
997036,0.0071698357
997037,0.0071849148
997038,0.010661765
997039,0.0094496841
997040,0.032119807
997041,0.014038804
997042,0.0059570312
997043,0.0072150733
997044,0.0070183249
997045,0.006473456
997046,0.027607996
997047,0.008223231
997048,0.022978514
997049,0.020675121
997050,0.0065606665
997051,0.014045984
997052,0.0066636028
997053,0.0075482535
997054,0.013838465
997055,0.013791791
997056,0.030175781
997057,0.0071899416
997058,0.01128935
997059,0.0066168848
997060,0.0021916521
997061,0.0019888156
997062,0.022576544
997063,0.011169434
997064,0.011371926
997065,0.015997546
997066,0.0021394603
997067,0.0087251551
997068,0.0081891883
997069,0.0071159811
997070,0.023634249
997071,0.006982422
997072,0.010434858
997073,0.0070958757
997074,0.010203642
997075,0.0075834384
997076,0.014407169
997077,0.030647548
997078,0.020691637
997079,0.014269302
997080,0.0074132583
997081,0.009296013
997082,0.039265711
997083,0.0083187325
997084,0.010823328
997085,0.037316177
997086,0.011233341
997087,0.0075173769
997088,0.0085937502
997089,0.022789761
997090,0.0088127581
997091,0.007151884
997092,0.010332175
997093,0.013801126
997094,0.010362334
997095,0.0041137999
997096,0.0061759716
997097,0.011478918
997098,0.0072732363
997099,0.008048024
997100,0.0072509767
997101,0.0074800379
997102,0.010581342
997103,0.0072136372
997104,0.0071633733
997105,0.0063177366
997106,0.0075482535
997107,0.007233025
997108,0.010541849
997109,0.015579856
997110,0.017348345
997111,0.012050813
997112,0.023219511
997113,0.010616527
997114,0.0070477654
997115,0.0072423597
997116,0.0072150733
997117,0.007078642
997118,0.013699161
997119,0.0063212207
997120,0.0074348003
997121,0.0082756495
997122,0.010597858
997123,0.014533548
997124,0.036646225
997125,0.039270736
997126,0.010306325
997127,0.0070527918
997128,0.0079503674
997129,0.015148904
997130,0.020762006
997131,0.0071669635
997132,0.007313448
997133,0.0096995635
997134,0.0086231902
997135,0.010788144
997136,0.0176169
997137,0.013564884
997138,0.0071755801
997139,0.00936478
997140,0.007291906
997141,0.0084537286
997142,0.016075224
997143,0.0140625
997144,0.010609346
997145,0.0072229723
997146,0.0072157914
997147,0.010386747
997148,0.0070147347
997149,0.0073299631
997150,0.0073005226
997151,0.014484719
997152,0.010413316
997153,0.024479406
997154,0.0077385399
997155,0.010453527
997156,0.007254567
997157,0.011040901
997158,0.020969525
997159,0.016627485
997160,0.0073823817
997161,0.007291906
997162,0.0074987076
997163,0.023827011
997164,0.0073436066
997165,0.013993566
997166,0.0065515894
997167,0.017352654
997168,0.010754394
997169,0.028970251
997170,0.0071762982
997171,0.010067929
997172,0.016009558
997173,0.014199994
997174,0.01047866
997175,0.025298713
997176,0.0082059968
997177,0.010653866
997178,0.0073988969
997179,0.038790356
997180,0.0081621958
997181,0.0074369544
997182,0.0084458292
997183,0.0071310606
997184,0.0073321173
997185,0.013947611
997186,0.0073342714
997187,0.0074757296
997188,0.013901655
997189,0.012550265
997190,0.026653621
997191,0.013648179
997192,0.0064114607
997193,0.0072208182
997194,0.0073364256
997195,0.014397116
997196,0.032718759
997197,0.01060432
997198,0.0064194622
997199,0.015100202
997200,0.0096880747
997201,0.0075137867
997202,0.0056877583
997203,0.013643871
997204,0.0072287167
997205,0.02053079
997206,0.0071267523
997207,0.017711684
997208,0.0071619372
997209,0.01051528
997210,0.010793888
997211,0.0070879767
997212,0.015365062
997213,0.01204127
997214,0.0081478339
997215,0.010018382
997216,0.0081456797
997217,0.0070578181
997218,0.012832568
997219,0.034363512
997220,0.0085219443
997221,0.010746496
997222,0.010230929
997223,0.028252814
997224,0.0176687
997225,0.019614054
997226,0.0074886545
997227,0.016565777
997228,0.039627615
997229,0.020622702
997230,0.019037813
997231,0.0062306123
997232,0.0021069546
997233,0.007041303
997234,0.013704906
997235,0.0061401366
997236,0.0073895622
997237,0.0058708638
997238,0.01952653
997239,0.014214011
997240,0.036995921
997241,0.010661765
997242,0.018037684
997243,0.0079719098
997244,0.016074559
997245,0.010846307
997246,0.010542567
997247,0.0072423597
997248,0.021065746
997249,0.0026932654
997250,0.017826574
997251,0.014170209
997252,0.0069422103
997253,0.010493739
997254,0.010801069
997255,0.0055725924
997256,0.039717373
997257,0.039280791
997258,0.0014612217
997259,0.017629825
997260,0.030914666
997261,0.034779269
997262,0.026348518
997263,0.024925321
997264,0.0070815142
997265,0.017586024
997266,0.039938536
997267,0.010593549
997268,0.019905211
997269,0.0070836684
997270,0.0081571694
997271,0.026824592
997272,0.0076925838
997273,0.011845847
997274,0.0071770162
997275,0.007210047
997276,0.010386029
997277,0.039768353
997278,0.017209759
997279,0.0065785316
997280,0.013651052
997281,0.0061882148
997282,0.035627786
997283,0.0075252759
997284,0.010638786
997285,0.0059204102
997286,0.0071935318
997287,0.0087696752
997288,0.011960018
997289,0.0062176874
997290,0.014352596
997291,0.0070542279
997292,0.01071921
997293,0.0070298137
997294,0.030384736
997295,0.012041017
997296,0.007115263
997297,0.0080006318
997298,0.0068359375
997299,0.010799632
997300,0.0070743337
997301,0.0067512062
997302,0.012672335
997303,0.010617963
997304,0.011091165
997305,0.0072193821
997306,0.036084123
997307,0.018066376
997308,0.017359834
997309,0.01079317
997310,0.010243854
997311,0.016904583
997312,0.017784208
997313,0.019424651
997314,0.010257496
997315,0.0072509767
997316,0.019853646
997317,0.01027473
997318,0.0074283374
997319,0.010075827
997320,0.010975097
997321,0.020714615
997322,0.0072761085
997323,0.010559082
997324,0.018969726
997325,0.0072495406
997326,0.010454963
997327,0.0070743337
997328,0.021569824
997329,0.013263835
997330,0.0070211971
997331,0.0078196805
997332,0.0079367245
997333,0.0073838178
997334,0.008767521
997335,0.0079403147
997336,0.01913129
997337,0.0095911361
997338,0.0070592542
997339,0.020154526
997340,0.013490924
997341,0.009911906
997342,0.020814659
997343,0.0096688522
997344,0.0070240693
997345,0.0071023381
997346,0.0068991268
997347,0.0070549459
997348,0.026027691
997349,0.019786419
997350,0.011193847
997351,0.010842716
997352,0.0072847256
997353,0.0070441752
997354,0.0066511529
997355,0.010923139
997356,0.010025447
997357,0.013885858
997358,0.0079898611
997359,0.0080982884
997360,0.039728861
997361,0.0075087603
997362,0.0065917969
997363,0.010896571
997364,0.012507442
997365,0.020273007
997366,0.015846515
997367,0.030723661
997368,0.029738231
997369,0.017247079
997370,0.0061710132
997371,0.010673254
997372,0.019069657
997373,0.010039206
997374,0.0081916358
997375,0.017319623
997376,0.0075137867
997377,0.024373852
997378,0.0086684283
997379,0.010575597
997380,0.010753676
997381,0.0079474952
997382,0.010774501
997383,0.0094733741
997384,0.0076502184
997385,0.0073098578
997386,0.010951143
997387,0.014226936
997388,0.0071626552
997389,0.026359288
997390,0.0072380514
997391,0.0073019587
997392,0.010141263
997393,0.0073120119
997394,0.0074355183
997395,0.013821231
997396,0.017130055
997397,0.0071245977
997398,0.007100184
997399,0.017378503
997400,0.0087316176
997401,0.014876063
997402,0.014453843
997403,0.023701029
997404,0.029808367
997405,0.017367734
997406,0.023018153
997407,0.017491957
997408,0.006652114
997409,0.0069529815
997410,0.017743278
997411,0.010650275
997412,0.013926068
997413,0.0028027459
997414,0.026017614
997415,0.007151884
997416,0.016717888
997417,0.014333209
997418,0.0071813245
997419,0.0057967422
997420,0.0071475757
997421,0.014005055
997422,0.010454963
997423,0.023792939
997424,0.013284709
997425,0.014160874
997426,0.010317096
997427,0.0072265626
997428,0.030412024
997429,0.0077679805
997430,0.010272576
997431,0.020305319
997432,0.010849179
997433,0.039550781
997434,0.01187842
997435,0.0072229723
997436,0.017198989
997437,0.013184478
997438,0.017418716
997439,0.019060202
997440,0.011094111
997441,0.012133789
997442,0.0074628047
997443,0.0073012407
997444,0.031021273
997445,0.014402143
997446,0.014246323
997447,0.010562672
997448,0.0072581572
997449,0.0068818936
997450,0.0072114831
997451,0.0077213063
997452,0.020691637
997453,0.014221909
997454,0.039294433
997455,0.010919549
997456,0.00736443
997457,0.007100184
997458,0.016547194
997459,0.017164523
997460,0.0071870694
997461,0.0069558537
997462,0.0092141544
997463,0.010331457
997464,0.0073615578
997465,0.020400103
997466,0.030310767
997467,0.0077579273
997468,0.0069809859
997469,0.010887235
997470,0.0061013615
997471,0.028034722
997472,0.0092723174
997473,0.016520089
997474,0.0072308709
997475,0.010397518
997476,0.012446864
997477,0.013419836
997478,0.006887638
997479,0.039621871
997480,0.022966452
997481,0.01074865
997482,0.01071921
997483,0.019186581
997484,0.019008115
997485,0.010785271
997486,0.033707205
997487,0.0079058483
997488,0.020858226
997489,0.0072086109
997490,0.014522777
997491,0.0060317097
997492,0.02315243
997493,0.010271139
997494,0.010582778
997495,0.01947083
997496,0.016800465
997497,0.0160027
997498,0.026872702
997499,0.010237803
997500,0.0052820542
997501,0.017348345
997502,0.020535098
997503,0.011997358
997504,0.010757985
997505,0.011344641
997506,0.027000517
997507,0.010737161
997508,0.0070772059
997509,0.010525333
997510,0.01384421
997511,0.0076789409
997512,0.016130311
997513,0.010689769
997514,0.022897169
997515,0.020936495
997516,0.009809427
997517,0.017670037
997518,0.020456113
997519,0.0069149244
997520,0.0071748621
997521,0.021885052
997522,0.027287023
997523,0.013717831
997524,0.010621553
997525,0.014023007
997526,0.0070800781
997527,0.0074046417
997528,0.0076013901
997529,0.0080595128
997530,0.0078922044
997531,0.0067612594
997532,0.013926786
997533,0.012796593
997534,0.006147366
997535,0.024161305
997536,0.012516649
997537,0.012606991
997538,0.019683477
997539,0.0069048712
997540,0.0070657171
997541,0.007217946
997542,0.011045209
997543,0.0095895464
997544,0.0069996552
997545,0.014832261
997546,0.010358025
997547,0.010692641
997548,0.011242676
997549,0.013661104
997550,0.010581342
997551,0.014125689
997552,0.012922963
997553,0.013798254
997554,0.0072969324
997555,0.006602278
997556,0.0070204791
997557,0.0072861616
997558,0.014163028
997559,0.014123535
997560,0.012442555
997561,0.017153751
997562,0.012172564
997563,0.0071231616
997564,0.013427734
997565,0.0068847658
997566,0.010531796
997567,0.0072603114
997568,0.014154412
997569,0.0073357075
997570,0.011295094
997571,0.0074491613
997572,0.011470301
997573,0.021124627
997574,0.010801787
997575,0.0070384308
997576,0.028961327
997577,0.017439539
997578,0.0099104857
997579,0.013797536
997580,0.0072157914
997581,0.004939321
997582,0.011259191
997583,0.0093800267
997584,0.0071238796
997585,0.017085535
997586,0.032485746
997587,0.0021573079
997588,0.010253906
997589,0.0074786018
997590,0.0074527515
997591,0.0075640511
997592,0.0073091397
997593,0.01323092
997594,0.0065755895
997595,0.039119944
997596,0.0073005226
997597,0.012301055
997598,0.010576315
997599,0.0071238796
997600,0.009557277
997601,0.0088206576
997602,0.017099179
997603,0.027135512
997604,0.0069508273
997605,0.0095648644
997606,0.018410357
997607,0.017816521
997608,0.010271139
997609,0.011191693
997610,0.0068739946
997611,0.014154412
997612,0.01247997
997613,0.0070269415
997614,0.0019011195
997615,0.0070362766
997616,0.016046595
997617,0.016814826
997618,0.0071159811
997619,0.020198328
997620,0.0044746879
997621,0.0072150733
997622,0.0020531171
997623,0.0068933824
997624,0.010520306
997625,0.0092385681
997626,0.011702235
997627,0.018508732
997628,0.007541073
997629,0.020837696
997630,0.0068337834
997631,0.0072129192
997632,0.010645967
997633,0.0078031654
997634,0.014889706
997635,0.010349409
997636,0.039048858
997637,0.0071016201
997638,0.016796876
997639,0.0071231616
997640,0.010345099
997641,0.0101821
997642,0.0065602022
997643,0.0073529412
997644,0.0072933421
997645,0.029058265
997646,0.0099530388
997647,0.017464671
997648,0.032218665
997649,0.0064947475
997650,0.0067626955
997651,0.037180465
997652,0.0073306812
997653,0.0075942096
997654,0.0071116728
997655,0.0071576289
997656,0.03938419
997657,0.010399672
997658,0.0069852942
997659,0.0062614656
997660,0.017092716
997661,0.010396082
997662,0.010612937
997663,0.01014337
997664,0.013737218
997665,0.014582376
997666,0.008341711
997667,0.017334703
997668,0.010666073
997669,0.0075647691
997670,0.021647498
997671,0.0075224033
997672,0.010638786
997673,0.0062475614
997674,0.0072244084
997675,0.0068452721
997676,0.013840619
997677,0.015148654
997678,0.010732135
997679,0.0069558537
997680,0.0095961904
997681,0.0072265626
997682,0.01017851
997683,0.0071389591
997684,0.0276956
997685,0.021691177
997686,0.010756548
997687,0.015719784
997688,0.013697725
997689,0.0068474263
997690,0.010868566
997691,0.020824477
997692,0.017225558
997693,0.01342199
997694,0.01081543
997695,0.0071978401
997696,0.020405848
997697,0.0096155535
997698,0.012936733
997699,0.03669421
997700,0.0081475005
997701,0.011902574
997702,0.011086857
997703,0.010631606
997704,0.0068258848
997705,0.005837115
997706,0.010397518
997707,0.016562069
997708,0.0079963235
997709,0.005646111
997710,0.011201747
997711,0.016247977
997712,0.017535759
997713,0.010523897
997714,0.01169649
997715,0.016007008
997716,0.016938332
997717,0.01083769
997718,0.0072610294
997719,0.005991498
997720,0.0071949679
997721,0.0068840478
997722,0.010770191
997723,0.0073608398
997724,0.010697667
997725,0.007033404
997726,0.020763442
997727,0.0071820426
997728,0.016983571
997729,0.031690888
997730,0.017252844
997731,0.019863354
997732,0.010477223
997733,0.007732077
997734,0.013984231
997735,0.013557703
997736,0.013592889
997737,0.013949765
997738,0.037179746
997739,0.0069989371
997740,0.0071949679
997741,0.010960478
997742,0.013986385
997743,0.0072746724
997744,0.011655561
997745,0.0065529761
997746,0.0061919042
997747,0.0071116728
997748,0.011797018
997749,0.021635167
997750,0.006208993
997751,0.011702235
997752,0.013898064
997753,0.039799232
997754,0.007372329
997755,0.013875086
997756,0.017796416
997757,0.007151166
997758,0.0024774582
997759,0.008165068
997760,0.022484718
997761,0.0070154527
997762,0.0073909983
997763,0.0069077434
997764,0.0073342714
997765,0.0059010223
997766,0.01709128
997767,0.0066585764
997768,0.014053165
997769,0.034154557
997770,0.0090260226
997771,0.0071683996
997772,0.01013399
997773,0.0025556432
997774,0.0070384308
997775,0.0071289064
997776,0.0069450829
997777,0.0073802276
997778,0.014682905
997779,0.0071238796
997780,0.013521801
997781,0.0068826117
997782,0.0092012295
997783,0.010609346
997784,0.010477941
997785,0.0073184744
997786,0.007210047
997787,0.010757985
997788,0.03800695
997789,0.0072840075
997790,0.026135972
997791,0.0071231616
997792,0.011376235
997793,0.01327617
997794,0.006322972
997795,0.007092285
997796,0.006189683
997797,0.010461425
997798,0.039568014
997799,0.02086756
997800,0.0070772059
997801,0.0094094668
997802,0.0073206285
997803,0.0083065256
997804,0.0071770162
997805,0.010847025
997806,0.007400333
997807,0.017555147
997808,0.010548311
997809,0.026327934
997810,0.013961254
997811,0.02433005
997812,0.032528322
997813,0.0076753506
997814,0.01148179
997815,0.0093182735
997816,0.010495893
997817,0.0062514362
997818,0.0076868394
997819,0.0067095589
997820,0.024442067
997821,0.0070994659
997822,0.019714104
997823,0.014397116
997824,0.017428769
997825,0.039631203
997826,0.013580682
997827,0.010492302
997828,0.0069285673
997829,0.010271139
997830,0.0061920858
997831,0.023713235
997832,0.03968434
997833,0.018390235
997834,0.0073112939
997835,0.0071382411
997836,0.0070075542
997837,0.024119603
997838,0.0063447841
997839,0.0066325292
997840,0.0069623161
997841,0.020704562
997842,0.0067734662
997843,0.0071138269
997844,0.039493337
997845,0.0073091397
997846,0.017796416
997847,0.012673771
997848,0.0071396772
997849,0.018108772
997850,0.014365521
997851,0.006828757
997852,0.010477941
997853,0.026264437
997854,0.0073694563
997855,0.023795094
997856,0.01053395
997857,0.0096399644
997858,0.010780963
997859,0.0071920957
997860,0.0055721509
997861,0.017150879
997862,0.010836254
997863,0.0073414524
997864,0.020484835
997865,0.0070851045
997866,0.01074506
997867,0.021855943
997868,0.023086201
997869,0.0069687786
997870,0.0010451025
997871,0.0161657
997872,0.0072380514
997873,0.0067741843
997874,0.010350127
997875,0.010655303
997876,0.0072409236
997877,0.017323932
997878,0.010900879
997879,0.010574879
997880,0.013984949
997881,0.025751092
997882,0.0024217512
997883,0.0071166991
997884,0.011454504
997885,0.017371323
997886,0.017018037
997887,0.010373104
997888,0.014101993
997889,0.010910214
997890,0.0069867303
997891,0.007077924
997892,0.0071920957
997893,0.010538259
997894,0.039579503
997895,0.0065982593
997896,0.030550608
997897,0.0074843462
997898,0.03990335
997899,0.013706342
997900,0.016758099
997901,0.014063936
997902,0.011098346
997903,0.0071468577
997904,0.037805893
997905,0.017318904
997906,0.0068718405
997907,0.023995433
997908,0.0071605011
997909,0.0073184744
997910,0.0094669117
997911,0.014104865
997912,0.0080099665
997913,0.020773495
997914,0.0065447935
997915,0.033464499
997916,0.013511029
997917,0.017428769
997918,0.008180147
997919,0.0077263326
997920,0.014068244
997921,0.010653866
997922,0.0074742935
997923,0.032474294
997924,0.029423254
997925,0.010596422
997926,0.021599265
997927,0.018359374
997928,0.010422651
997929,0.0066901711
997930,0.0067985984
997931,0.015800925
997932,0.01428079
997933,0.0073766373
997934,0.029051216
997935,0.0068596336
997936,0.0072028665
997937,0.02770637
997938,0.010499483
997939,0.0054271026
997940,0.010573443
997941,0.0062966738
997942,0.0073306812
997943,0.0073515051
997944,0.013427016
997945,0.011702235
997946,0.014592429
997947,0.0072043026
997948,0.007100184
997949,0.0074635227
997950,0.011103372
997951,0.01361443
997952,0.0070247874
997953,0.01238511
997954,0.0064235255
997955,0.010722082
997956,0.025178658
997957,0.0073098578
997958,0.039914839
997959,0.0072861616
997960,0.016882325
997961,0.0080681294
997962,0.0071648094
997963,0.033194508
997964,0.013839183
997965,0.033690687
997966,0.0075482535
997967,0.0063189338
997968,0.011117733
997969,0.0070427391
997970,0.011094037
997971,0.007444853
997972,0.02089772
997973,0.020694509
997974,0.014020135
997975,0.0079977596
997976,0.0075934916
997977,0.010410444
997978,0.0089096967
997979,0.011579601
997980,0.010312069
997981,0.0073069851
997982,0.014211857
997983,0.013846364
997984,0.0020959862
997985,0.0069206688
997986,0.0078828698
997987,0.0071849148
997988,0.0070585362
997989,0.0065831803
997990,0.011311609
997991,0.0078527117
997992,0.0073270909
997993,0.014023007
997994,0.0070168888
997995,0.006289863
997996,0.028030934
997997,0.0076789409
997998,0.013922478
997999,0.011657445
998000,0.0074060778
998001,0.0036310693
998002,0.0071691177
998003,0.024063649
998004,0.010477941
998005,0.016948385
998006,0.0073579676
998007,0.010392492
998008,0.0069422103
998009,0.007100184
998010,0.0072825714
998011,0.036328126
998012,0.019300666
998013,0.010617245
998014,0.010798196
998015,0.0059512868
998016,0.014235552
998017,0.03371295
998018,0.0069443649
998019,0.0072437958
998020,0.0072904699
998021,0.0069508273
998022,0.010687615
998023,0.033052597
998024,0.00736443
998025,0.017575253
998026,0.010689051
998027,0.036086898
998028,0.0071920957
998029,0.01384421
998030,0.0067856731
998031,0.0070377127
998032,0.0070527918
998033,0.01361443
998034,0.039924175
998035,0.020968089
998036,0.021511095
998037,0.0076064165
998038,0.0072610294
998039,0.017048197
998040,0.037396599
998041,0.0092780618
998042,0.0072265626
998043,0.013068629
998044,0.016431972
998045,0.014056037
998046,0.0070994659
998047,0.013772404
998048,0.013556985
998049,0.010472915
998050,0.0076121609
998051,0.008326631
998052,0.027214499
998053,0.020772059
998054,0.03929228
998055,0.0073816637
998056,0.010807531
998057,0.018821085
998058,0.027564194
998059,0.0070434571
998060,0.0068933824
998061,0.0096644275
998062,0.0078370664
998063,0.0068610697
998064,0.017444566
998065,0.013993566
998066,0.0074477252
998067,0.0073471968
998068,0.0073809456
998069,0.01083769
998070,0.010342945
998071,0.0081341909
998072,0.018175552
998073,0.036266711
998074,0.039590992
998075,0.039789896
998076,0.0064690085
998077,0.0069048712
998078,0.0071583469
998079,0.0084996838
998080,0.0062097884
998081,0.013977051
998082,0.010503791
998083,0.0071353689
998084,0.0073141661
998085,0.0071533201
998086,0.010631606
998087,0.010538977
998088,0.010594267
998089,0.020461857
998090,0.0076243682
998091,0.0174101
998092,0.0076293945
998093,0.007291188
998094,0.0065946691
998095,0.038706344
998096,0.031954419
998097,0.0068531712
998098,0.0073414524
998099,0.014234834
998100,0.021778546
998101,0.013738655
998102,0.0069393381
998103,0.0070233513
998104,0.033994429
998105,0.039374139
998106,0.0073148841
998107,0.0060008331
998108,0.0069745234
998109,0.011923397
998110,0.0066903667
998111,0.0077076633
998112,0.028265741
998113,0.0066822725
998114,0.024093807
998115,0.017247817
998116,0.0072811353
998117,0.039886117
998118,0.017682243
998119,0.02576636
998120,0.0070872586
998121,0.0071116728
998122,0.020500632
998123,0.0096966913
998124,0.01415872
998125,0.0079273898
998126,0.013765223
998127,0.010639505
998128,0.0074118222
998129,0.010850615
998130,0.0081183938
998131,0.0073988969
998132,0.010710592
998133,0.017267922
998134,0.017233456
998135,0.010716338
998136,0.015664494
998137,0.017233456
998138,0.0072883158
998139,0.0071310606
998140,0.0055228462
998141,0.0070168888
998142,0.0069838581
998143,0.0095940083
998144,0.0077026365
998145,0.014182416
998146,0.017543659
998147,0.0074707032
998148,0.0072366153
998149,0.030618824
998150,0.0094619999
998151,0.012841769
998152,0.014981617
998153,0.016121954
998154,0.0078469673
998155,0.0059729018
998156,0.013915298
998157,0.019102164
998158,0.009815379
998159,0.010619399
998160,0.0073213466
998161,0.020724667
998162,0.010750086
998163,0.016283147
998164,0.0073364256
998165,0.026497157
998166,0.0081492709
998167,0.007291188
998168,0.024023438
998169,0.010551183
998170,0.030677706
998171,0.0070628445
998172,0.0068754307
998173,0.0065869419
998174,0.015689626
998175,0.010485122
998176,0.010654585
998177,0.009707462
998178,0.016493136
998179,0.0099063646
998180,0.0073816637
998181,0.014146513
998182,0.016487153
998183,0.027688419
998184,0.015489287
998185,0.007210047
998186,0.0074254652
998187,0.010479378
998188,0.010399672
998189,0.010573443
998190,0.027299948
998191,0.0066291243
998192,0.0041209273
998193,0.0061665121
998194,0.017210478
998195,0.017178165
998196,0.020018095
998197,0.0068969727
998198,0.0072258445
998199,0.0064212279
998200,0.012505027
998201,0.0062794406
998202,0.0074958354
998203,0.0069960649
998204,0.0064185048
998205,0.0067950082
998206,0.010495175
998207,0.011447046
998208,0.024824275
998209,0.0073874081
998210,0.017833754
998211,0.030819163
998212,0.020648552
998213,0.012761374
998214,0.0096284756
998215,0.0074139764
998216,0.0031845339
998217,0.039372701
998218,0.0074462891
998219,0.0069206688
998220,0.0068933824
998221,0.017454095
998222,0.0066054398
998223,0.009632417
998224,0.013524693
998225,0.0072516948
998226,0.016088149
998227,0.02690286
998228,0.020695226
998229,0.013997156
998230,0.018590871
998231,0.0072725182
998232,0.0018719144
998233,0.039533548
998234,0.0087036137
998235,0.007422593
998236,0.0073184744
998237,0.013913143
998238,0.0069048712
998239,0.013582118
998240,0.0086634019
998241,0.0072057387
998242,0.0070750518
998243,0.013100947
998244,0.010286219
998245,0.017786363
998246,0.007115263
998247,0.022030992
998248,0.033046223
998249,0.040579043
998250,0.0073385797
998251,0.010255342
998252,0.007210765
998253,0.017049633
998254,0.0094145201
998255,0.025367647
998256,0.013986385
998257,0.0096870651
998258,0.0079403147
998259,0.010817584
998260,0.0066242609
998261,0.0070843864
998262,0.012151022
998263,0.02354449
998264,0.037189797
998265,0.0087732654
998266,0.0090346392
998267,0.0073120119
998268,0.0072883158
998269,0.0076983282
998270,0.007159783
998271,0.016978545
998272,0.0071030562
998273,0.0069565717
998274,0.007467831
998275,0.020115752
998276,0.018434772
998277,0.013476563
998278,0.0072560031
998279,0.010890108
998280,0.025271446
998281,0.012650792
998282,0.013683364
998283,0.01738712
998284,0.0097561646
998285,0.010725672
998286,0.007115263
998287,0.0072201001
998288,0.0035958835
998289,0.0067691579
998290,0.014015826
998291,0.0072732363
998292,0.021725643
998293,0.013335687
998294,0.014041676
998295,0.013645307
998296,0.010294836
998297,0.0096414005
998298,0.0068711224
998299,0.013903091
998300,0.013987822
998301,0.010581342
998302,0.037660845
998303,0.0075389189
998304,0.0071770162
998305,0.026115675
998306,0.0077335131
998307,0.01361802
998308,0.0081717791
998309,0.0072165094
998310,0.017084099
998311,0.036696024
998312,0.0072933421
998313,0.010402544
998314,0.014045266
998315,0.010948271
998316,0.0071317786
998317,0.011661305
998318,0.0078871781
998319,0.010662483
998320,0.007444853
998321,0.01350644
998322,0.015778881
998323,0.010595703
998324,0.015571145
998325,0.0073565315
998326,0.0072825714
998327,0.0071698357
998328,0.0072143553
998329,0.0072452319
998330,0.0069070254
998331,0.0081988163
998332,0.020880487
998333,0.0081571694
998334,0.0066755353
998335,0.0074247471
998336,0.010830509
998337,0.017183192
998338,0.029146001
998339,0.007371611
998340,0.0066786376
998341,0.0073845359
998342,0.018281825
998343,0.0072861616
998344,0.014096967
998345,0.0071827606
998346,0.032373048
998347,0.017865349
998348,0.010309197
998349,0.0073005226
998350,0.010470043
998351,0.010743624
998352,0.0080587948
998353,0.010471479
998354,0.017235611
998355,0.0066241096
998356,0.0065156827
998357,0.013074448
998358,0.020751234
998359,0.0077342312
998360,0.018110208
998361,0.021276137
998362,0.010213695
998363,0.020309681
998364,0.036712289
998365,0.0071806065
998366,0.010312069
998367,0.0072495406
998368,0.0073220646
998369,0.013811897
998370,0.0086713005
998371,0.01071131
998372,0.02642037
998373,0.0080537684
998374,0.0069278493
998375,0.0076071345
998376,0.014123535
998377,0.0099028619
998378,0.010181382
998379,0.0074750115
998380,0.0092856502
998381,0.017935719
998382,0.0073421705
998383,0.010523897
998384,0.010373104
998385,0.039161593
998386,0.0060482249
998387,0.0064824629
998388,0.0073759193
998389,0.0074699852
998390,0.014005055
998391,0.010500919
998392,0.0074728574
998393,0.010466452
998394,0.010916676
998395,0.014188878
998396,0.013196288
998397,0.0072495406
998398,0.014387784
998399,0.023323329
998400,0.010398954
998401,0.0070362766
998402,0.013333637
998403,0.031543259
998404,0.0073364256
998405,0.017348345
998406,0.011137838
998407,0.010516716
998408,0.0072983685
998409,0.027283434
998410,0.010745778
998411,0.011540671
998412,0.015656594
998413,0.0073773554
998414,0.0072682099
998415,0.010258933
998416,0.0078290151
998417,0.010546875
998418,0.0077686985
998419,0.0071030562
998420,0.0095329732
998421,0.016762407
998422,0.014042394
998423,0.0027526831
998424,0.0062291762
998425,0.017497702
998426,0.011093319
998427,0.020379998
998428,0.0066758026
998429,0.015923712
998430,0.023348719
998431,0.013970588
998432,0.026089694
998433,0.010994945
998434,0.011512667
998435,0.013798972
998436,0.010477941
998437,0.02378935
998438,0.0072064567
998439,0.027778896
998440,0.023759192
998441,0.0069551356
998442,0.0068145334
998443,0.015019675
998444,0.021041332
998445,0.0071928138
998446,0.011560776
998447,0.011684283
998448,0.017372759
998449,0.0098704621
998450,0.007092285
998451,0.0064962949
998452,0.01071921
998453,0.026925121
998454,0.030259794
998455,0.022612453
998456,0.006585849
998457,0.0019426341
998458,0.0068628723
998459,0.007042021
998460,0.024098834
998461,0.035878159
998462,0.007658117
998463,0.010164867
998464,0.0073184744
998465,0.017283002
998466,0.018201131
998467,0.010320686
998468,0.0071461396
998469,0.0077270507
998470,0.0062354803
998471,0.0064466535
998472,0.0062440643
998473,0.038833439
998474,0.0064919866
998475,0.010983456
998476,0.0072308709
998477,0.020553768
998478,0.0075784121
998479,0.010622271
998480,0.010747932
998481,0.0080832085
998482,0.017173139
998483,0.017451027
998484,0.014097685
998485,0.023346307
998486,0.0074269013
998487,0.025080394
998488,0.039005056
998489,0.027397605
998490,0.010472915
998491,0.0021852124
998492,0.017486213
998493,0.0057528163
998494,0.0072610294
998495,0.013924632
998496,0.01658969
998497,0.013936121
998498,0.0079855528
998499,0.039438765
998500,0.010443474
998501,0.0072251265
998502,0.01048943
998503,0.010699822
998504,0.0069206688
998505,0.010304889
998506,0.012101476
998507,0.019856172
998508,0.011054544
998509,0.015417794
998510,0.0070621264
998511,0.013824822
998512,0.0080221733
998513,0.021141142
998514,0.026803769
998515,0.0072021484
998516,0.0071346508
998517,0.008032945
998518,0.0073680202
998519,0.011753935
998520,0.003637892
998521,0.016925408
998522,0.0070721796
998523,0.0069321576
998524,0.014320284
998525,0.03741483
998526,0.013664695
998527,0.0072725182
998528,0.0070542279
998529,0.011547133
998530,0.0076868394
998531,0.0070664352
998532,0.0068614483
998533,0.013947611
998534,0.017079791
998535,0.011216826
998536,0.0094893035
998537,0.0064852512
998538,0.0071037742
998539,0.010525333
998540,0.01048225
998541,0.012168974
998542,0.0092764711
998543,0.0078376317
998544,0.0061279298
998545,0.019688351
998546,0.010433421
998547,0.01044491
998548,0.0068919463
998549,0.025511976
998550,0.013108244
998551,0.0076387292
998552,0.017258588
998553,0.017321777
998554,0.010541849
998555,0.0139591
998556,0.010548311
998557,0.013933249
998558,0.014512061
998559,0.017483341
998560,0.021989677
998561,0.010584932
998562,0.010910214
998563,0.0065476727
998564,0.020614803
998565,0.0076631433
998566,0.0087617766
998567,0.0076286765
998568,0.0072538489
998569,0.0069429288
998570,0.0072035845
998571,0.037201144
998572,0.022968786
998573,0.010358025
998574,0.0070685893
998575,0.0072416416
998576,0.01399572
998577,0.010793888
998578,0.0061962963
998579,0.03062026
998580,0.011284323
998581,0.027686264
998582,0.0069694966
998583,0.0068969727
998584,0.0071999943
998585,0.0073414524
998586,0.017051786
998587,0.0071712718
998588,0.020676557
998589,0.01059714
998590,0.032020628
998591,0.024482938
998592,0.0071841967
998593,0.006828757
998594,0.01415513
998595,0.0072035845
998596,0.019679463
998597,0.010794606
998598,0.0076322667
998599,0.012546674
998600,0.01392176
998601,0.007092285
998602,0.010880055
998603,0.0061559342
998604,0.010654585
998605,0.0072315889
998606,0.0060891546
998607,0.0076559628
998608,0.010370232
998609,0.011144302
998610,0.0059082033
998611,0.0072402055
998612,0.0077636717
998613,0.0080494601
998614,0.029003188
998615,0.0064223344
998616,0.0074175666
998617,0.039471075
998618,0.012050494
998619,0.020451086
998620,0.0068818936
998621,0.0072962143
998622,0.012371467
998623,0.019096496
998624,0.007100184
998625,0.0071181352
998626,0.0072229723
998627,0.030813418
998628,0.0073249368
998629,0.02046473
998630,0.010460707
998631,0.011816201
998632,0.017027372
998633,0.010220157
998634,0.0070219152
998635,0.016199449
998636,0.039590992
998637,0.0095790504
998638,0.017462518
998639,0.0063597844
998640,0.01082261
998641,0.014046703
998642,0.010368078
998643,0.0074218749
998644,0.0073033948
998645,0.01811308
998646,0.018306239
998647,0.01396269
998648,0.016327981
998649,0.010808967
998650,0.0068151136
998651,0.0071920957
998652,0.029582608
998653,0.016646082
998654,0.022174647
998655,0.0093678189
998656,0.010914522
998657,0.0071920957
998658,0.017928539
998659,0.035110522
998660,0.010517434
998661,0.02077565
998662,0.0072344611
998663,0.017474724
998664,0.013663976
998665,0.0074362364
998666,0.012641458
998667,0.039657053
998668,0.014305204
998669,0.0069163605
998670,0.0070664352
998671,0.010765165
998672,0.010329302
998673,0.0024333922
998674,0.01071921
998675,0.013845646
998676,0.0094597312
998677,0.0079273898
998678,0.023897059
998679,0.023790067
998680,0.013854262
998681,0.014263557
998682,0.0074290554
998683,0.039636947
998684,0.017204734
998685,0.013678337
998686,0.013331134
998687,0.039705884
998688,0.013888088
998689,0.010868566
998690,0.0066166651
998691,0.010673254
998692,0.0069055893
998693,0.0072150733
998694,0.0082691861
998695,0.010426241
998696,0.01353688
998697,0.01539689
998698,0.0070233513
998699,0.010758703
998700,0.014026597
998701,0.0079963235
998702,0.014096967
998703,0.0095044831
998704,0.01372932
998705,0.010605756
998706,0.0029225582
998707,0.0071798884
998708,0.016166417
998709,0.023130888
998710,0.011316636
998711,0.0066801184
998712,0.010632324
998713,0.01288776
998714,0.0082411822
998715,0.0073802276
998716,0.027297076
998717,0.010410444
998718,0.0021332896
998719,0.0074190027
998720,0.0062184674
998721,0.018681066
998722,0.0074750115
998723,0.0078311693
998724,0.016808365
998725,0.006996783
998726,0.010890826
998727,0.030816291
998728,0.0072567211
998729,0.010586368
998730,0.0063799955
998731,0.0076495004
998732,0.021047793
998733,0.0073077031
998734,0.026091453
998735,0.010618681
998736,0.010928883
998737,0.0070542279
998738,0.022891775
998739,0.0061251111
998740,0.0073335534
998741,0.010895853
998742,0.0092146341
998743,0.010888672
998744,0.013565459
998745,0.023924345
998746,0.0072631836
998747,0.0068143955
998748,0.013534008
998749,0.0071949679
998750,0.01103013
998751,0.010962632
998752,0.016622482
998753,0.0074563418
998754,0.017983111
998755,0.0064747529
998756,0.013932531
998757,0.012204159
998758,0.010891544
998759,0.0086713005
998760,0.0073486329
998761,0.0078282971
998762,0.020711023
998763,0.019351289
998764,0.017566636
998765,0.014007928
998766,0.019106897
998767,0.0081384219
998768,0.010409008
998769,0.010733571
998770,0.039471075
998771,0.028326418
998772,0.013804716
998773,0.0070527918
998774,0.0079273898
998775,0.0060215369
998776,0.0060426476
998777,0.02463307
998778,0.0072301528
998779,0.0085722078
998780,0.011664895
998781,0.0075870291
998782,0.020580336
998783,0.0072847256
998784,0.0023991552
998785,0.039257813
998786,0.0065253242
998787,0.00630537
998788,0.0064524929
998789,0.0071131089
998790,0.010519588
998791,0.0084985737
998792,0.0072617475
998793,0.0061415727
998794,0.030422794
998795,0.010622271
998796,0.007100902
998797,0.009475952
998798,0.011090447
998799,0.014487592
998800,0.0074039237
998801,0.0084329043
998802,0.0083251949
998803,0.0074405447
998804,0.010469325
998805,0.017693015
998806,0.010770191
998807,0.027829159
998808,0.0065155737
998809,0.010332175
998810,0.0072617475
998811,0.0067540784
998812,0.0064772717
998813,0.0071066464
998814,0.010691923
998815,0.031496625
998816,0.021248851
998817,0.0020705357
998818,0.0070693074
998819,0.0071576289
998820,0.027225828
998821,0.01058924
998822,0.0070434571
998823,0.011902574
998824,0.0071461396
998825,0.030030016
998826,0.028759766
998827,0.013538316
998828,0.0070772059
998829,0.018448185
998830,0.039212573
998831,0.013924632
998832,0.031586051
998833,0.010685461
998834,0.010440602
998835,0.03214255
998836,0.01071131
998837,0.0063234698
998838,0.007798139
998839,0.022776455
998840,0.011470301
998841,0.010158404
998842,0.014583094
998843,0.0072114831
998844,0.026334874
998845,0.011015768
998846,0.025022978
998847,0.010354435
998848,0.015418199
998849,0.034888197
998850,0.027253274
998851,0.0077923941
998852,0.0069888844
998853,0.0070441752
998854,0.0076861214
998855,0.0097024357
998856,0.016989315
998857,0.0072150733
998858,0.0087759681
998859,0.0083711511
998860,0.010505945
998861,0.010736443
998862,0.023661535
998863,0.020479808
998864,0.0071648094
998865,0.013597197
998866,0.007422593
998867,0.03559266
998868,0.019679965
998869,0.010354435
998870,0.033916734
998871,0.039774816
998872,0.014028033
998873,0.020329734
998874,0.018226534
998875,0.0072840075
998876,0.0073759193
998877,0.0021431986
998878,0.010664637
998879,0.013879557
998880,0.013666131
998881,0.0072387694
998882,0.010843434
998883,0.006856523
998884,0.007841222
998885,0.0072165094
998886,0.024494486
998887,0.0061428486
998888,0.011203901
998889,0.0058435774
998890,0.011103372
998891,0.0074132583
998892,0.0073098578
998893,0.010324276
998894,0.0072646197
998895,0.018440517
998896,0.010376695
998897,0.023920037
998898,0.0070125805
998899,0.016962029
998900,0.0088465074
998901,0.01157509
998902,0.023713235
998903,0.0096815079
998904,0.024399702
998905,0.020186121
998906,0.0062521542
998907,0.0073888442
998908,0.0072495406
998909,0.024943274
998910,0.0086210361
998911,0.010500919
998912,0.010536104
998913,0.0086124195
998914,0.013641717
998915,0.0072308709
998916,0.011592371
998917,0.022153607
998918,0.017395739
998919,0.039855238
998920,0.03347886
998921,0.0074261832
998922,0.007313448
998923,0.0072998046
998924,0.015871529
998925,0.017369887
998926,0.007136805
998927,0.022531578
998928,0.010653866
998929,0.013038729
998930,0.015330595
998931,0.021013327
998932,0.0097886026
998933,0.024244601
998934,0.019149959
998935,0.013286277
998936,0.007174144
998937,0.017536478
998938,0.010943962
998939,0.0070154527
998940,0.010775937
998941,0.027641745
998942,0.039303768
998943,0.0080307908
998944,0.010542567
998945,0.0072165094
998946,0.0087854723
998947,0.027600816
998948,0.010775937
998949,0.013054343
998950,0.0096949991
998951,0.0072574392
998952,0.010629452
998953,0.0074470071
998954,0.014080452
998955,0.010046119
998956,0.007137523
998957,0.0072883158
998958,0.011777032
998959,0.013907399
998960,0.0070678713
998961,0.013620174
998962,0.0080537684
998963,0.017085535
998964,0.01762215
998965,0.0072150733
998966,0.020326143
998967,0.022405647
998968,0.011595244
998969,0.016862219
998970,0.010235237
998971,0.0072847256
998972,0.0071231616
998973,0.013983513
998974,0.010750086
998975,0.010378849
998976,0.006050379
998977,0.007372329
998978,0.0073069851
998979,0.013752297
998980,0.02386331
998981,0.01568819
998982,0.0061164405
998983,0.0067648496
998984,0.0094647575
998985,0.0076401653
998986,0.0072495406
998987,0.031177476
998988,0.01372932
998989,0.0078491215
998990,0.010880055
998991,0.017374914
998992,0.007210047
998993,0.011240521
998994,0.010615809
998995,0.016891658
998996,0.014105584
998997,0.023161765
998998,0.014085478
998999,0.015214269
999000,0.025985939
999001,0.010379567
999002,0.0070377127
999003,0.0072789812
999004,0.013829849
999005,0.014198214
999006,0.0073479149
999007,0.020201918
999008,0.0063332953
999009,0.0077126897
999010,0.0063914577
999011,0.006502036
999012,0.010262619
999013,0.010721364
999014,0.0069163605
999015,0.015001997
999016,0.010661765
999017,0.0061947093
999018,0.0077837775
999019,0.010740033
999020,0.027725041
999021,0.028231379
999022,0.0066724718
999023,0.013904527
999024,0.0095975986
999025,0.020551614
999026,0.0069091795
999027,0.010420497
999028,0.0078922044
999029,0.01532126
999030,0.0072667738
999031,0.0099656247
999032,0.0095053092
999033,0.017512782
999034,0.013209766
999035,0.0066140569
999036,0.015762867
999037,0.02176011
999038,0.0070851045
999039,0.022884592
999040,0.0074261832
999041,0.0072725182
999042,0.010650994
999043,0.010662483
999044,0.0074793198
999045,0.0085467333
999046,0.0071482938
999047,0.0070111444
999048,0.0070657171
999049,0.020627011
999050,0.033827923
999051,0.0063769338
999052,0.039975874
999053,0.022912597
999054,0.010799632
999055,0.010573443
999056,0.0071691177
999057,0.010555492
999058,0.0059038945
999059,0.01048225
999060,0.014399271
999061,0.0075468174
999062,0.01047866
999063,0.0070054
999064,0.024270451
999065,0.006209827
999066,0.017405791
999067,0.0073263729
999068,0.011062485
999069,0.010635196
999070,0.013798254
999071,0.019171759
999072,0.010732853
999073,0.0088680489
999074,0.017158778
999075,0.01040039
999076,0.019642103
999077,0.006997501
999078,0.023943014
999079,0.0098819509
999080,0.007077924
999081,0.0070657171
999082,0.013913143
999083,0.0139591
999084,0.0070772059
999085,0.0069673425
999086,0.0074075139
999087,0.0073658661
999088,0.021909466
999089,0.026962157
999090,0.010477941
999091,0.013763787
999092,0.0071705538
999093,0.0075353286
999094,0.0075252759
999095,0.016970646
999096,0.014310231
999097,0.010561236
999098,0.010328584
999099,0.012548579
999100,0.017155187
999101,0.0070951572
999102,0.017589614
999103,0.007078642
999104,0.010546875
999105,0.0088809747
999106,0.010745778
999107,0.0057489914
999108,0.010625862
999109,0.01013399
999110,0.0073112939
999111,0.027527574
999112,0.010638068
999113,0.015562706
999114,0.0093527399
999115,0.007093003
999116,0.0105598
999117,0.017634852
999118,0.014287971
999119,0.0069192327
999120,0.0095918542
999121,0.016208904
999122,0.021029124
999123,0.010869284
999124,0.0071324967
999125,0.0073550954
999126,0.0071691177
999127,0.0071296245
999128,0.007159065
999129,0.010535386
999130,0.010164867
999131,0.01327241
999132,0.010594267
999133,0.011339614
999134,0.013674029
999135,0.02009421
999136,0.0068854839
999137,0.017322496
999138,0.0064384956
999139,0.007217946
999140,0.010515998
999141,0.019359633
999142,0.0074642408
999143,0.020744458
999144,0.0070958757
999145,0.0071202894
999146,0.013634535
999147,0.016916791
999148,0.01048943
999149,0.021836225
999150,0.0073313992
999151,0.0087431064
999152,0.0072538489
999153,0.0069034351
999154,0.0070886947
999155,0.014028033
999156,0.033980783
999157,0.0079388786
999158,0.0070312498
999159,0.017160214
999160,0.020477654
999161,0.02034984
999162,0.0071755801
999163,0.004175195
999164,0.022889625
999165,0.0067506703
999166,0.021487247
999167,0.0090785399
999168,0.0072933421
999169,0.0068818936
999170,0.020690918
999171,0.0062396666
999172,0.007291906
999173,0.0080501782
999174,0.007034122
999175,0.037139095
999176,0.010592113
999177,0.010701976
999178,0.0084637813
999179,0.0070010913
999180,0.020920698
999181,0.0070255054
999182,0.030853631
999183,0.0061717313
999184,0.007371611
999185,0.023825252
999186,0.014051011
999187,0.016946232
999188,0.014032342
999189,0.016039321
999190,0.013698443
999191,0.010895853
999192,0.027353803
999193,0.0076078526
999194,0.017176012
999195,0.0071497299
999196,0.0066415453
999197,0.0071238796
999198,0.023851821
999199,0.0067114364
999200,0.017295927
999201,0.010088034
999202,0.0059283087
999203,0.02109375
999204,0.013890166
999205,0.0097325938
999206,0.011440142
999207,0.016797282
999208,0.0069264132
999209,0.0098218098
999210,0.032678939
999211,0.0073450427
999212,0.0068007526
999213,0.016773896
999214,0.0077435663
999215,0.0068933824
999216,0.017389275
999217,0.016947668
999218,0.02943735
999219,0.0070743337
999220,0.010595703
999221,0.0072387694
999222,0.014446663
999223,0.010541131
999224,0.0076279584
999225,0.0094961198
999226,0.030771218
999227,0.013993566
999228,0.010948989
999229,0.010663201
999230,0.018930234
999231,0.0096596591
999232,0.015429316
999233,0.0072567211
999234,0.023816636
999235,0.010903751
999236,0.021702666
999237,0.011065315
999238,0.021302706
999239,0.0070255054
999240,0.0071102367
999241,0.010228056
999242,0.013940429
999243,0.039499801
999244,0.020668657
999245,0.010686897
999246,0.014481129
999247,0.007525994
999248,0.013686236
999249,0.03961828
999250,0.011477482
999251,0.0070003732
999252,0.023747703
999253,0.010182818
999254,0.010251034
999255,0.012623895
999256,0.014046703
999257,0.02749167
999258,0.020967372
999259,0.014399989
999260,0.014045984
999261,0.0099076442
999262,0.0072258445
999263,0.0071102367
999264,0.0070140166
999265,0.0073450427
999266,0.021645179
999267,0.024310661
999268,0.0074778837
999269,0.00743121
999270,0.0068818936
999271,0.0063390187
999272,0.018785184
999273,0.0077493107
999274,0.0071640913
999275,0.010297708
999276,0.010080135
999277,0.0066644028
999278,0.015929457
999279,0.0074139764
999280,0.021507353
999281,0.011468865
999282,0.0073701749
999283,0.018795956
999284,0.0095286649
999285,0.0078814337
999286,0.010670382
999287,0.012976849
999288,0.016558848
999289,0.0069149244
999290,0.03424862
999291,0.019773794
999292,0.030238971
999293,0.0087028956
999294,0.012542371
999295,0.011374081
999296,0.0070319679
999297,0.0070714615
999298,0.020590154
999299,0.0072725182
999300,0.010745778
999301,0.0080070943
999302,0.0063136248
999303,0.0071403952
999304,0.0066624573
999305,0.0068467082
999306,0.022475298
999307,0.017532887
999308,0.011961618
999309,0.013545496
999310,0.00823831
999311,0.02678079
999312,0.0073816637
999313,0.028182445
999314,0.0072516948
999315,0.013987103
999316,0.0065170308
999317,0.013786765
999318,0.010546875
999319,0.021442523
999320,0.0069852942
999321,0.016333224
999322,0.0070535098
999323,0.022117704
999324,0.010523897
999325,0.018030798
999326,0.010599294
999327,0.017107077
999328,0.010696949
999329,0.013923196
999330,0.0072380514
999331,0.01070772
999332,0.014303768
999333,0.010921703
999334,0.0069278493
999335,0.0072954963
999336,0.0057425383
999337,0.013371008
999338,0.014170927
999339,0.02442986
999340,0.0075030159
999341,0.034212001
999342,0.018274726
999343,0.035168391
999344,0.023624914
999345,0.027102482
999346,0.0068251668
999347,0.01570686
999348,0.017782055
999349,0.01080035
999350,0.0082340017
999351,0.012128763
999352,0.010682588
999353,0.01527674
999354,0.020763442
999355,0.0067102769
999356,0.011582319
999357,0.016783232
999358,0.013809742
999359,0.0064848056
999360,0.011165125
999361,0.03954719
999362,0.011927705
999363,0.013740809
999364,0.014925609
999365,0.0070082722
999366,0.007525994
999367,0.0072380514
999368,0.0074139764
999369,0.024471506
999370,0.0070621264
999371,0.0085169179
999372,0.021129653
999373,0.010741469
999374,0.035732854
999375,0.0071619372
999376,0.013663258
999377,0.0072725182
999378,0.020400103
999379,0.023462564
999380,0.016913202
999381,0.019406337
999382,0.032003544
999383,0.0094687305
999384,0.0070901308
999385,0.0071612191
999386,0.0073752012
999387,0.0073213466
999388,0.010705566
999389,0.027429199
999390,0.010757267
999391,0.017063275
999392,0.017451746
999393,0.021995589
999394,0.0071224435
999395,0.0070456113
999396,0.0077809053
999397,0.012724034
999398,0.010495893
999399,0.0095162466
999400,0.011639395
999401,0.0062752785
999402,0.0093434751
999403,0.010403981
999404,0.0062897746
999405,0.0071468577
999406,0.013967716
999407,0.0072387694
999408,0.0073005226
999409,0.017830882
999410,0.0069307215
999411,0.0073579676
999412,0.013977051
999413,0.007173426
999414,0.01753217
999415,0.013936121
999416,0.0074491613
999417,0.010848461
999418,0.010615091
999419,0.014123535
999420,0.028106974
999421,0.013437289
999422,0.0063684196
999423,0.0072258445
999424,0.015372243
999425,0.014023007
999426,0.0076121609
999427,0.010075827
999428,0.020061178
999429,0.0076861214
999430,0.010691923
999431,0.0070886947
999432,0.015750138
999433,0.0072897519
999434,0.0023560359
999435,0.015880629
999436,0.0066652689
999437,0.0068402458
999438,0.0015990417
999439,0.010569853
999440,0.0071870694
999441,0.0075827204
999442,0.014166619
999443,0.03072438
999444,0.013768096
999445,0.0079546757
999446,0.01043773
999447,0.0072150733
999448,0.014394962
999449,0.0080422796
999450,0.0069558537
999451,0.010669664
999452,0.0072244084
999453,0.01780216
999454,0.0097261453
999455,0.010661765
999456,0.0072366153
999457,0.010687615
999458,0.011879596
999459,0.0062083439
999460,0.013126938
999461,0.0070377127
999462,0.010734289
999463,0.0099546555
999464,0.0071992762
999465,0.0071245977
999466,0.0066786823
999467,0.01048225
999468,0.0072007123
999469,0.0075970818
999470,0.013811897
999471,0.0065139621
999472,0.010523897
999473,0.040073529
999474,0.016865809
999475,0.030353861
999476,0.01056339
999477,0.035360456
999478,0.010462143
999479,0.0065544974
999480,0.0072272806
999481,0.0064215041
999482,0.0077730068
999483,0.0072653377
999484,0.029830962
999485,0.012757118
999486,0.036568027
999487,0.016823443
999488,0.011641808
999489,0.007195686
999490,0.01736127
999491,0.0061990176
999492,0.0071863509
999493,0.0072014304
999494,0.01750919
999495,0.017688707
999496,0.01004524
999497,0.022163661
999498,0.0071576289
999499,0.011503331
999500,0.0073450427
999501,0.017566636
999502,0.010470761
999503,0.027653953
999504,0.010849897
999505,0.0033543627
999506,0.013296461
999507,0.0074843462
999508,0.023364257
999509,0.010903033
999510,0.0069565717
999511,0.0094030043
999512,0.0072761085
999513,0.010332893
999514,0.0074865003
999515,0.014028033
999516,0.0071346508
999517,0.0083194505
999518,0.010778091
999519,0.0073601217
999520,0.010878619
999521,0.010781681
999522,0.010317096
999523,0.0082059968
999524,0.011432244
999525,0.0095126843
999526,0.0074505974
999527,0.0075913374
999528,0.017239919
999529,0.022231158
999530,0.0076530906
999531,0.0072380514
999532,0.016116543
999533,0.013947611
999534,0.0077205882
999535,0.010386747
999536,0.021139706
999537,0.0054838294
999538,0.0072344611
999539,0.013075344
999540,0.013775276
999541,0.011025104
999542,0.031826656
999543,0.0070219152
999544,0.014224782
999545,0.010564826
999546,0.0071985582
999547,0.0070571001
999548,0.006571691
999549,0.011440142
999550,0.0075382008
999551,0.013898782
999552,0.0064766593
999553,0.0096307229
999554,0.0077579273
999555,0.0075137867
999556,0.028152287
999557,0.010661765
999558,0.0278586
999559,0.0089707319
999560,0.0063031367
999561,0.011880314
999562,0.016422765
999563,0.016201222
999564,0.010811121
999565,0.0072502587
999566,0.017377786
999567,0.014114918
999568,0.0070082722
999569,0.039321002
999570,0.010984892
999571,0.0067346911
999572,0.010712029
999573,0.0073945886
999574,0.020484835
999575,0.023690257
999576,0.034221336
999577,0.0059189741
999578,0.0070657171
999579,0.0073292451
999580,0.014410041
999581,0.025473921
999582,0.01101146
999583,0.027056526
999584,0.015533088
999585,0.022967344
999586,0.0070592542
999587,0.010466452
999588,0.0087026376
999589,0.010376695
999590,0.01027832
999591,0.013763787
999592,0.007349351
999593,0.01081543
999594,0.0071159811
999595,0.0071639577
999596,0.013926068
999597,0.007100184
999598,0.020785702
999599,0.0058205999
999600,0.0069508273
999601,0.011099782
999602,0.0067950399
999603,0.0063993568
999604,0.018077178
999605,0.0072258445
999606,0.033476707
999607,0.007246668
999608,0.027852187
999609,0.0078354776
999610,0.017049633
999611,0.0072402055
999612,0.010853487
999613,0.01415154
999614,0.0064836997
999615,0.022248344
999616,0.015394584
999617,0.037418708
999618,0.010765165
999619,0.013905245
999620,0.019129137
999621,0.034020998
999622,0.0071834787
999623,0.00740895
999624,0.01739502
999625,0.0072969324
999626,0.014341826
999627,0.010640223
999628,0.010363052
999629,0.013204101
999630,0.0090669524
999631,0.0027086751
999632,0.0071619372
999633,0.010185691
999634,0.0071482938
999635,0.0071439855
999636,0.028371658
999637,0.0071504479
999638,0.0070937211
999639,0.023624197
999640,0.013915298
999641,0.016348805
999642,0.013947611
999643,0.010457835
999644,0.010867848
999645,0.0086547853
999646,0.0097311577
999647,0.0073802276
999648,0.0072875977
999649,0.014039522
999650,0.011394187
999651,0.038086157
999652,0.039369829
999653,0.010623707
999654,0.010677562
999655,0.031935252
999656,0.010202206
999657,0.007371611
999658,0.030636057
999659,0.017179601
999660,0.0072603114
999661,0.010648121
999662,0.020566693
999663,0.033895336
999664,0.0073120119
999665,0.01395445
999666,0.007400333
999667,0.0071978401
999668,0.013375316
999669,0.0065367203
999670,0.0074865003
999671,0.0063921195
999672,0.010592113
999673,0.007092285
999674,0.007114545
999675,0.0072409236
999676,0.0072639016
999677,0.013798254
999678,0.0074843462
999679,0.0070621264
999680,0.0069328756
999681,0.0028388714
999682,0.013997156
999683,0.027903983
999684,0.011523438
999685,0.013859289
999686,0.010765165
999687,0.010443474
999688,0.0073515051
999689,0.015306015
999690,0.021062156
999691,0.0073033948
999692,0.0076631433
999693,0.0044088634
999694,0.0073522232
999695,0.020271571
999696,0.014316694
999697,0.0081571694
999698,0.01037454
999699,0.0073938705
999700,0.0076279584
999701,0.01070054
999702,0.018589154
999703,0.017303107
999704,0.013595043
999705,0.039200369
999706,0.019493243
999707,0.010880773
999708,0.024162022
999709,0.0071640913
999710,0.011867388
999711,0.019867452
999712,0.028717954
999713,0.027976362
999714,0.0072373333
999715,0.0070700254
999716,0.0084400848
999717,0.006494543
999718,0.010788144
999719,0.0089348285
999720,0.0065982593
999721,0.0069946288
999722,0.01041547
999723,0.014648438
999724,0.0067533604
999725,0.02057172
999726,0.014811438
999727,0.010352281
999728,0.013476563
999729,0.010449937
999730,0.030828498
999731,0.039604634
999732,0.009255372
999733,0.0085477941
999734,0.010577751
999735,0.010569853
999736,0.010307761
999737,0.013956945
999738,0.013602941
999739,0.0072215362
999740,0.010695513
999741,0.0238152
999742,0.017090563
999743,0.010558364
999744,0.0063980762
999745,0.039491899
999746,0.014270738
999747,0.010615809
999748,0.0078239888
999749,0.010828354
999750,0.010887235
999751,0.0064483322
999752,0.020438878
999753,0.013158535
999754,0.020798627
999755,0.0099106729
999756,0.0068625058
999757,0.013903809
999758,0.016799748
999759,0.0071461396
999760,0.0098503558
999761,0.0074103861
999762,0.0070240693
999763,0.014861701
999764,0.017361989
999765,0.010755112
999766,0.010403262
999767,0.010308479
999768,0.01822797
999769,0.0099013383
999770,0.0072753904
999771,0.036989991
999772,0.0073005226
999773,0.017992446
999774,0.010717056
999775,0.0079352884
999776,0.0067591048
999777,0.0076983282
999778,0.023563879
999779,0.0068251668
999780,0.010684743
999781,0.0074103861
999782,0.010261087
999783,0.0064467485
999784,0.0084422389
999785,0.016492503
999786,0.010454245
999787,0.0087201288
999788,0.037792891
999789,0.0074685491
999790,0.0098860618
999791,0.0072014304
999792,0.010477941
999793,0.028241325
999794,0.0061099781
999795,0.0070176069
999796,0.0072416416
999797,0.013161519
999798,0.017237047
999799,0.0096997572
999800,0.011368336
999801,0.0064543681
999802,0.0070901308
999803,0.0070886947
999804,0.028258558
999805,0.010161994
999806,0.039622586
999807,0.03951057
999808,0.0073902803
999809,0.017164523
999810,0.0072732363
999811,0.010251034
999812,0.023790067
999813,0.010523897
999814,0.007019043
999815,0.0071095186
999816,0.013910271
999817,0.006901281
999818,0.017845243
999819,0.010765165
999820,0.0070728976
999821,0.0073270909
999822,0.013884421
999823,0.0092299515
999824,0.0063762162
999825,0.0099135451
999826,0.017491957
999827,0.015356446
999828,0.0070355586
999829,0.0063036769
999830,0.0064417282
999831,0.010526051
999832,0.0099336514
999833,0.010940372
999834,0.020720359
999835,0.0108341
999836,0.013099581
999837,0.010900161
999838,0.010167021
999839,0.0096514532
999840,0.010762293
999841,0.007114545
999842,0.0172392
999843,0.035963215
999844,0.0074742935
999845,0.0078512756
999846,0.0084530097
999847,0.013133329
999848,0.027142692
999849,0.010324994
999850,0.011586993
999851,0.013928222
999852,0.0073586856
999853,0.0072251265
999854,0.01063017
999855,0.0063088811
999856,0.007136805
999857,0.013641717
999858,0.0072215362
999859,0.0073450427
999860,0.0072516948
999861,0.0237635
999862,0.0071576289
999863,0.0073450427
999864,0.0073407344
999865,0.0072380514
999866,0.0075597428
999867,0.010519588
999868,0.0072890338
999869,0.010322122
999870,0.0097932573
999871,0.0069292854
999872,0.0073687383
999873,0.0073687383
999874,0.010790298
999875,0.021095186
999876,0.023427447
999877,0.0088579962
999878,0.017413689
999879,0.010880055
999880,0.0077938302
999881,0.0095822746
999882,0.010391774
999883,0.0167275
999884,0.0089994539
999885,0.0071949679
999886,0.0071116728
999887,0.010719928
999888,0.0071806065
999889,0.010730699
999890,0.0072057387
999891,0.010676126
999892,0.010885081
999893,0.0072050206
999894,0.0073156022
999895,0.0063049905
999896,0.0073184744
999897,0.017074764
999898,0.010862822
999899,0.0075446633
999900,0.0085650273
999901,0.010332175
999902,0.0073701749
999903,0.0070815142
999904,0.028463837
999905,0.0070484835
999906,0.0075525618
999907,0.013717831
999908,0.014253505
999909,0.02439611
999910,0.010619399
999911,0.016185327
999912,0.0071920957
999913,0.0075597428
999914,0.017371323
999915,0.0071691177
999916,0.0074333642
999917,0.010144761
999918,0.0073414524
999919,0.011089729
999920,0.017049633
999921,0.013947611
999922,0.030549891
999923,0.0071461396
999924,0.019980038
999925,0.010999971
999926,0.014395947
999927,0.0091983574
999928,0.0063928836
999929,0.014708037
999930,0.016631586
999931,0.0098955659
999932,0.010317096
999933,0.010447782
999934,0.0074527515
999935,0.010959042
999936,0.0070168888
999937,0.015540269
999938,0.027079504
999939,0.0063884137
999940,0.017899817
999941,0.017652804
999942,0.0071870694
999943,0.007400333
999944,0.013608686
999945,0.034021713
999946,0.0086081112
999947,0.028333956
999948,0.0074692671
999949,0.0071942499
999950,0.0072430777
999951,0.012568934
999952,0.015222886
999953,0.0070542279
999954,0.007673196
999955,0.023617733
999956,0.0071461396
999957,0.033732336
999958,0.018788775
999959,0.014109174
999960,0.023644302
999961,0.0099688359
999962,0.015940947
999963,0.0092518041
999964,0.0071123908
999965,0.034063362
999966,0.010462862
999967,0.013213752
999968,0.01437342
999969,0.007078642
999970,0.007042021
999971,0.0069896025
999972,0.010523179
999973,0.010812557
999974,0.0089254938
999975,0.010698386
999976,0.023935117
999977,0.0057595647
999978,0.039433736
999979,0.0067210477
999980,0.02366728
999981,0.017428769
999982,0.0071569108
999983,0.0072294348
999984,0.010581342
999985,0.0090568988
999986,0.0064691803
999987,0.0073795095
999988,0.0065342062
999989,0.010721364
999990,0.013766659
999991,0.010381721
999992,0.0069544176
999993,0.020359734
999994,0.00736443
999995,0.014030905
999996,0.0080243275
999997,0.021128217
999998,0.014028751
999999,0.010454963
